label_en,x0,y0,z0,x1,y1,z1,x2,y2,z2,x3,y3,z3,x4,y4,z4,x5,y5,z5,x6,y6,z6,x7,y7,z7,x8,y8,z8,x9,y9,z9,x10,y10,z10,x11,y11,z11,x12,y12,z12,x13,y13,z13,x14,y14,z14,x15,y15,z15,x16,y16,z16,x17,y17,z17,x18,y18,z18,x19,y19,z19,x20,y20,z20
hello,0.08046674728393555,0.6772978901863098,4.1686126905915444e-07,0.14368459582328796,0.6494240164756775,-0.02200206369161606,0.19393905997276306,0.5804351568222046,-0.035811882466077805,0.2332051396369934,0.5238017439842224,-0.04998178407549858,0.27383536100387573,0.4774684011936188,-0.06648654490709305,0.17032067477703094,0.469838947057724,-0.02949397638440132,0.20609594881534576,0.3885076642036438,-0.0586792416870594,0.23072807490825653,0.3418043851852417,-0.08042170107364655,0.25360554456710815,0.29908818006515503,-0.09694580733776093,0.1334899663925171,0.45541784167289734,-0.0407676100730896,0.16123345494270325,0.36120927333831787,-0.07070166617631912,0.1895509660243988,0.3051418662071228,-0.09439565986394882,0.217076376080513,0.256183922290802,-0.11216777563095093,0.09206435829401016,0.4646420478820801,-0.05579201132059097,0.11442553997039795,0.37046653032302856,-0.08934680372476578,0.14134261012077332,0.31485581398010254,-0.11110072582960129,0.16984540224075317,0.26745909452438354,-0.12548236548900604,0.04860488325357437,0.49114999175071716,-0.07216982543468475,0.05534864217042923,0.41361215710639954,-0.1061699241399765,0.0704885870218277,0.3643888831138611,-0.12422274798154831,0.09064040333032608,0.31941938400268555,-0.13621127605438232
hello,0.07589691877365112,0.6124939918518066,8.074980542005505e-07,0.15286536514759064,0.5709878206253052,-0.0253806933760643,0.20812970399856567,0.5081197023391724,-0.03770022094249725,0.2514990270137787,0.447155624628067,-0.05021228641271591,0.2898423373699188,0.3918718695640564,-0.06274997442960739,0.1903899908065796,0.3910256326198578,-0.0058349925093352795,0.2330644428730011,0.3145546019077301,-0.029764527454972267,0.2610531747341156,0.2616262435913086,-0.05203157663345337,0.2879965305328369,0.21511712670326233,-0.06776991486549377,0.1519056111574173,0.36698824167251587,-0.0095228785648942,0.18240845203399658,0.2805825173854828,-0.031653162091970444,0.2094232141971588,0.2257044017314911,-0.05371523275971413,0.24001863598823547,0.17949822545051575,-0.0692237988114357,0.11108651012182236,0.3661854863166809,-0.01842290163040161,0.1421743482351303,0.2857133150100708,-0.044205401092767715,0.17257824540138245,0.23417127132415771,-0.06232312321662903,0.20547690987586975,0.19225993752479553,-0.07310368865728378,0.06673437356948853,0.38623476028442383,-0.029759980738162994,0.08509061485528946,0.31823086738586426,-0.054387617856264114,0.10886827856302261,0.27622002363204956,-0.06578221917152405,0.13780461251735687,0.24025991559028625,-0.0715605691075325
hello,0.0864410325884819,0.5748634338378906,7.110588171599375e-07,0.1591075211763382,0.5483380556106567,-0.02999059669673443,0.2149200588464737,0.48419082164764404,-0.041954405605793,0.25708505511283875,0.4209587275981903,-0.05350009724497795,0.29739460349082947,0.36977872252464294,-0.06466246396303177,0.19900868833065033,0.3665958642959595,-0.011445717886090279,0.24588745832443237,0.2877858877182007,-0.03609484061598778,0.2755618691444397,0.23849636316299438,-0.057244010269641876,0.3027827739715576,0.19351232051849365,-0.07225202769041061,0.16269437968730927,0.34337329864501953,-0.014268208295106888,0.19692280888557434,0.24948693811893463,-0.03917352482676506,0.22531935572624207,0.18687449395656586,-0.06208280473947525,0.25396502017974854,0.13212108612060547,-0.07851678133010864,0.12215259671211243,0.34358659386634827,-0.02283225767314434,0.15220783650875092,0.2679179310798645,-0.052224013954401016,0.18327566981315613,0.22968973219394684,-0.07102566212415695,0.21450695395469666,0.1990097165107727,-0.08183817565441132,0.07741740345954895,0.3591454327106476,-0.03451300039887428,0.0934896320104599,0.2918846607208252,-0.061529044061899185,0.11903469264507294,0.25381067395210266,-0.07486411184072495,0.15007153153419495,0.22363333404064178,-0.08274717628955841
hello,0.0862853080034256,0.5493512153625488,6.842776087978564e-07,0.16428449749946594,0.5298082232475281,-0.027241500094532967,0.2206585705280304,0.4679121673107147,-0.03750962018966675,0.2623518109321594,0.4090922176837921,-0.04940705746412277,0.30279266834259033,0.35493820905685425,-0.06191011890769005,0.2069680392742157,0.3481525182723999,-0.007900563068687916,0.2569161355495453,0.2721228003501892,-0.03205603361129761,0.28694355487823486,0.22102051973342896,-0.053405944257974625,0.31482774019241333,0.17455275356769562,-0.07029604911804199,0.17055070400238037,0.3242564797401428,-0.016017289832234383,0.20532575249671936,0.22945325076580048,-0.045396674424409866,0.23310944437980652,0.16533835232257843,-0.07501784712076187,0.2613670527935028,0.11146053671836853,-0.09712068736553192,0.12974122166633606,0.3235536217689514,-0.030112793669104576,0.15891322493553162,0.24830152094364166,-0.06971386820077896,0.19388172030448914,0.22435687482357025,-0.09966869652271271,0.22736380994319916,0.21184316277503967,-0.11679529398679733,0.08441013842821121,0.3372592329978943,-0.04644031077623367,0.10522083193063736,0.2700358033180237,-0.0835561752319336,0.13345128297805786,0.24008892476558685,-0.10671369731426239,0.16547450423240662,0.22110551595687866,-0.12186082452535629
hello,0.09291020780801773,0.5282896757125854,6.979159365982923e-07,0.17010198533535004,0.5097635388374329,-0.027081334963440895,0.22653323411941528,0.44790521264076233,-0.03627365455031395,0.26859545707702637,0.38870668411254883,-0.04675102233886719,0.3074648380279541,0.3340718150138855,-0.057431451976299286,0.21585659682750702,0.3289005160331726,-0.008968458510935307,0.2677064836025238,0.2541866898536682,-0.03234851360321045,0.2977677285671234,0.20487292110919952,-0.05176471546292305,0.32474541664123535,0.1597449630498886,-0.06680307537317276,0.17857573926448822,0.302890419960022,-0.01627056859433651,0.21592479944229126,0.2076987475156784,-0.044568076729774475,0.2441464215517044,0.14430715143680573,-0.07137688249349594,0.27120304107666016,0.0931437611579895,-0.0908297523856163,0.13696357607841492,0.30089327692985535,-0.029460227116942406,0.1652717888355255,0.2249157428741455,-0.06880561262369156,0.19859454035758972,0.20526222884655,-0.0962798222899437,0.23020045459270477,0.1988888382911682,-0.11073730140924454,0.09160683304071426,0.31290653347969055,-0.04486237093806267,0.11668810248374939,0.24670353531837463,-0.0819198340177536,0.14688646793365479,0.22096827626228333,-0.10365283489227295,0.17965123057365417,0.20861861109733582,-0.11694598197937012
hello,0.08504531532526016,0.4952737092971802,8.019314350349305e-07,0.1779414415359497,0.48565638065338135,-0.026672901585698128,0.23307785391807556,0.42799633741378784,-0.03474327176809311,0.27276331186294556,0.373908668756485,-0.04684281349182129,0.3155786991119385,0.31655919551849365,-0.06066066026687622,0.22220605611801147,0.31000465154647827,0.0028397715650498867,0.2794507145881653,0.23698323965072632,-0.016827065497636795,0.3123852610588074,0.18831293284893036,-0.0384502150118351,0.34183984994888306,0.14519374072551727,-0.05790233239531517,0.18161769211292267,0.28314608335494995,-0.010282069444656372,0.22206979990005493,0.18673507869243622,-0.03942181542515755,0.2540794312953949,0.1214701384305954,-0.07843870669603348,0.2823967933654785,0.07265660166740417,-0.10982900112867355,0.13766178488731384,0.27535367012023926,-0.03079647570848465,0.17084701359272003,0.19963279366493225,-0.07733152061700821,0.20288361608982086,0.1807326078414917,-0.1256956160068512,0.22954773902893066,0.17935650050640106,-0.15616123378276825,0.0931122750043869,0.2784980833530426,-0.05308252573013306,0.12283767759799957,0.21280232071876526,-0.10001689940690994,0.15200628340244293,0.1871545910835266,-0.13903412222862244,0.18193598091602325,0.17436183989048004,-0.16755498945713043
hello,0.09256146848201752,0.4897954761981964,7.259001222337247e-07,0.17941492795944214,0.47240981459617615,-0.022052370011806488,0.23744666576385498,0.41578665375709534,-0.02756127342581749,0.2806352376937866,0.35648733377456665,-0.03607993572950363,0.3223530650138855,0.30298322439193726,-0.04511302709579468,0.23051390051841736,0.29700616002082825,0.008277541026473045,0.28500935435295105,0.22520364820957184,-0.012048325501382351,0.31877297163009644,0.17856314778327942,-0.03223476558923721,0.3499062657356262,0.13775932788848877,-0.04809526354074478,0.19300782680511475,0.26645225286483765,-0.0011609737994149327,0.23302358388900757,0.17435409128665924,-0.02638631872832775,0.2661503255367279,0.10972955822944641,-0.05531897768378258,0.2972009479999542,0.06037163734436035,-0.07684735208749771,0.14979684352874756,0.2582015097141266,-0.01729518175125122,0.18071626126766205,0.1816967874765396,-0.05340360477566719,0.2130153328180313,0.1565331220626831,-0.083493173122406,0.24399377405643463,0.14616836607456207,-0.1006389632821083,0.10163968801498413,0.2639254927635193,-0.03556552529335022,0.12567487359046936,0.1946699023246765,-0.07055281847715378,0.15297943353652954,0.16551733016967773,-0.09359313547611237,0.1848398894071579,0.1492350697517395,-0.10843095928430557
hello,0.09949608147144318,0.47832000255584717,6.748174996573653e-07,0.1818925440311432,0.4600532650947571,-0.028579937294125557,0.24352405965328217,0.40657180547714233,-0.03790616616606712,0.287539541721344,0.3479648530483246,-0.0478409118950367,0.3274717330932617,0.2942807078361511,-0.057874228805303574,0.23860208690166473,0.28820499777793884,-0.005083020776510239,0.291826069355011,0.21883544325828552,-0.02936815842986107,0.32463139295578003,0.17328239977359772,-0.051714636385440826,0.35581478476524353,0.13220782577991486,-0.06832771748304367,0.2009870857000351,0.2566208243370056,-0.009977232664823532,0.2404899299144745,0.16746965050697327,-0.03623425215482712,0.27235662937164307,0.10702027380466461,-0.06304717808961868,0.30495333671569824,0.058607667684555054,-0.08286300301551819,0.15699008107185364,0.24749591946601868,-0.021236976608633995,0.18898403644561768,0.1719653457403183,-0.054024212062358856,0.2225809246301651,0.13728787004947662,-0.07880174368619919,0.2570017874240875,0.11539369821548462,-0.09351636469364166,0.10768802464008331,0.2530294954776764,-0.03538578003644943,0.13028046488761902,0.18546611070632935,-0.06625080108642578,0.15629950165748596,0.150960773229599,-0.08444239944219589,0.18823575973510742,0.12633493542671204,-0.09610837697982788
hello,0.09640824049711227,0.4687364101409912,6.868914397273329e-07,0.18006525933742523,0.45263436436653137,-0.029684927314519882,0.2435396909713745,0.4003310203552246,-0.039231035858392715,0.2892199158668518,0.34110334515571594,-0.048721179366111755,0.3292120695114136,0.2866119146347046,-0.05840926244854927,0.24144306778907776,0.2828920781612396,-0.005691551603376865,0.2960554361343384,0.21325744688510895,-0.03003670647740364,0.33023762702941895,0.16607294976711273,-0.05284464359283447,0.36214613914489746,0.12387305498123169,-0.06964477896690369,0.20458169281482697,0.2486143559217453,-0.00922357477247715,0.24692192673683167,0.15854069590568542,-0.033802177757024765,0.27952638268470764,0.09833027422428131,-0.05947377532720566,0.31293368339538574,0.050504252314567566,-0.07845499366521835,0.16020840406417847,0.23645733296871185,-0.019101466983556747,0.19648444652557373,0.15852999687194824,-0.048591479659080505,0.23236222565174103,0.11503462493419647,-0.07206607609987259,0.2697572112083435,0.08412034809589386,-0.08671055734157562,0.10919414460659027,0.23901450634002686,-0.03204040601849556,0.13106335699558258,0.17021705210208893,-0.06104990467429161,0.15692134201526642,0.13405361771583557,-0.0780051201581955,0.18951290845870972,0.10760366916656494,-0.08866062760353088
hello,0.09009407460689545,0.43792423605918884,6.513733410429268e-07,0.17550525069236755,0.4290129244327545,-0.02907341904938221,0.24307335913181305,0.36727797985076904,-0.033203594386577606,0.28708451986312866,0.2961876690387726,-0.03553638234734535,0.32238608598709106,0.2443886697292328,-0.03742283210158348,0.23663100600242615,0.2538086175918579,-0.003522359300404787,0.2873527705669403,0.1799503117799759,-0.020001880824565887,0.31821146607398987,0.1317806988954544,-0.036249127238988876,0.34539276361465454,0.09131504595279694,-0.048107944428920746,0.19848673045635223,0.2178061455488205,-0.0023415135219693184,0.24147488176822662,0.12627631425857544,-0.017054295167326927,0.2741762697696686,0.06810353696346283,-0.03474488481879234,0.3049384355545044,0.02269214391708374,-0.04795580729842186,0.15393021702766418,0.20403361320495605,-0.006996650714427233,0.18699122965335846,0.11612807214260101,-0.02573501318693161,0.21830369532108307,0.061983197927474976,-0.043554987758398056,0.2503575384616852,0.02002003788948059,-0.05548537150025368,0.1019347533583641,0.20520541071891785,-0.01468049455434084,0.12062683701515198,0.13219593465328217,-0.03442445769906044,0.13900482654571533,0.08374069631099701,-0.046726908534765244,0.162993922829628,0.0400528758764267,-0.05470816791057587
hello,0.09724168479442596,0.44111788272857666,5.809314984617231e-07,0.17940647900104523,0.4234159290790558,-0.028646888211369514,0.24691298604011536,0.35894396901130676,-0.03377808257937431,0.29035481810569763,0.2881085276603699,-0.0377485565841198,0.3280070424079895,0.2364467829465866,-0.04179752990603447,0.23654760420322418,0.24512118101119995,-0.0038153440691530704,0.2847801148891449,0.1726427674293518,-0.022907236590981483,0.31615984439849854,0.1228056401014328,-0.04181383550167084,0.3441791534423828,0.08029130101203918,-0.05592891573905945,0.19776220619678497,0.21019482612609863,-0.0044078887440264225,0.23828840255737305,0.11946545541286469,-0.021714704111218452,0.26897749304771423,0.05816970765590668,-0.04205619543790817,0.2980766296386719,0.007565170526504517,-0.0574926920235157,0.15239903330802917,0.19680753350257874,-0.0107926269993186,0.1836022436618805,0.10408228635787964,-0.03145725652575493,0.21110229194164276,0.042595893144607544,-0.05074012652039528,0.24020086228847504,-0.006135672330856323,-0.06409250199794769,0.09944542497396469,0.19982443749904633,-0.020264586433768272,0.11049819737672806,0.122714564204216,-0.0428679920732975,0.12537182867527008,0.06937573850154877,-0.05701657384634018,0.14651046693325043,0.02045378088951111,-0.06629478186368942
hello,0.1033620536327362,0.43506789207458496,5.875601232219196e-07,0.18449053168296814,0.41995444893836975,-0.030359037220478058,0.25133606791496277,0.35410693287849426,-0.03901622071862221,0.29572728276252747,0.2844877243041992,-0.04603637754917145,0.33564579486846924,0.23468449711799622,-0.05387318506836891,0.2403486669063568,0.23785679042339325,-0.016739031299948692,0.2865375876426697,0.16476242244243622,-0.04077902436256409,0.3175343871116638,0.11322915554046631,-0.06213941052556038,0.34523242712020874,0.07010135054588318,-0.07793557643890381,0.20043426752090454,0.20197390019893646,-0.018098879605531693,0.2398708611726761,0.1086919754743576,-0.04022769629955292,0.2700349986553192,0.046229034662246704,-0.06256823986768723,0.29842767119407654,-0.005816400051116943,-0.07940749824047089,0.1540401726961136,0.1899031698703766,-0.024605413898825645,0.1826595515012741,0.09224399924278259,-0.04958036541938782,0.2052706927061081,0.02734421193599701,-0.07067431509494781,0.23003937304019928,-0.025868713855743408,-0.08531317859888077,0.10074549913406372,0.19617287814617157,-0.033878132700920105,0.11063449084758759,0.11883725225925446,-0.0598166324198246,0.12354806065559387,0.06469377875328064,-0.07554550468921661,0.14203691482543945,0.013422980904579163,-0.0860278382897377
hello,0.1118883490562439,0.4302811622619629,5.858960889781883e-07,0.19339299201965332,0.4200412333011627,-0.03339643031358719,0.2633192241191864,0.3599889874458313,-0.0436478890478611,0.3096452057361603,0.29169023036956787,-0.051718708127737045,0.3509548306465149,0.24313436448574066,-0.06066243350505829,0.2516457140445709,0.23819173872470856,-0.021502291783690453,0.2989843487739563,0.16252335906028748,-0.04574664309620857,0.32750988006591797,0.10872679948806763,-0.06667041778564453,0.3518882393836975,0.061833158135414124,-0.08224042505025864,0.2110549807548523,0.20173615217208862,-0.021927794441580772,0.2515033483505249,0.10509295761585236,-0.04460933804512024,0.2812533676624298,0.04051564633846283,-0.06658808887004852,0.3084425628185272,-0.015738442540168762,-0.08295216411352158,0.16397875547409058,0.18968139588832855,-0.027514690533280373,0.19029390811920166,0.08995865285396576,-0.05312957614660263,0.2107272446155548,0.022371485829353333,-0.07409150153398514,0.2333158403635025,-0.03514702618122101,-0.08841980993747711,0.10969586670398712,0.1960085928440094,-0.03605495020747185,0.1175297349691391,0.11806130409240723,-0.062468886375427246,0.1283409297466278,0.06246356666088104,-0.07784870266914368,0.1445458084344864,0.008952900767326355,-0.08792651444673538
hello,0.12748317420482635,0.43772417306900024,6.110925028224301e-07,0.2091328501701355,0.42633548378944397,-0.03534133359789848,0.2790467441082001,0.3666932284832001,-0.04406541958451271,0.32710349559783936,0.3000502586364746,-0.05046944320201874,0.3668164908885956,0.24982596933841705,-0.056767210364341736,0.2666284441947937,0.2409541755914688,-0.0122216222807765,0.31356051564216614,0.16484437882900238,-0.03144531324505806,0.34114351868629456,0.11204978823661804,-0.04989803209900856,0.36402222514152527,0.06581631302833557,-0.06388328224420547,0.22582603991031647,0.20525476336479187,-0.010366789065301418,0.26486238837242126,0.10996067523956299,-0.026979053393006325,0.29308009147644043,0.04764169454574585,-0.046110209077596664,0.3180277645587921,-0.004724234342575073,-0.06069442629814148,0.17837533354759216,0.19330929219722748,-0.014606493525207043,0.20524609088897705,0.09578487277030945,-0.035130176693201065,0.22394916415214539,0.03068201243877411,-0.05439049378037453,0.24378159642219543,-0.02371188998222351,-0.0679069384932518,0.12448198348283768,0.2000303715467453,-0.022467151284217834,0.13058045506477356,0.1267959475517273,-0.044737737625837326,0.13802683353424072,0.07356855273246765,-0.05845607817173004,0.1501418650150299,0.022907108068466187,-0.06756912171840668
hello,0.13983581960201263,0.44484591484069824,6.075953820072755e-07,0.21811772882938385,0.4323276877403259,-0.03312120959162712,0.2901483476161957,0.3732300400733948,-0.04232332855463028,0.3424033522605896,0.3078716993331909,-0.04954991117119789,0.38343751430511475,0.25931644439697266,-0.056613512337207794,0.2763131558895111,0.2419147789478302,-0.012685730122029781,0.3253857493400574,0.16683465242385864,-0.03255763649940491,0.3541620373725891,0.11454269289970398,-0.05151750519871712,0.37775424122810364,0.06889216601848602,-0.06575379520654678,0.23527666926383972,0.20660287141799927,-0.012224196456372738,0.27547672390937805,0.11176998913288116,-0.029206369072198868,0.30372366309165955,0.049905166029930115,-0.04860682040452957,0.3283371925354004,-0.0032333433628082275,-0.06328332424163818,0.18843133747577667,0.19502787292003632,-0.01725739613175392,0.21472923457622528,0.09806229174137115,-0.0367281511425972,0.23449277877807617,0.03467801213264465,-0.05436012148857117,0.255466490983963,-0.01885645091533661,-0.06692451983690262,0.13485945761203766,0.20323126018047333,-0.02578570879995823,0.13796114921569824,0.1306365728378296,-0.04664573818445206,0.14329981803894043,0.07801981270313263,-0.058303914964199066,0.15336701273918152,0.027881383895874023,-0.06572666764259338
hello,0.19652417302131653,0.48155882954597473,6.207982323758188e-07,0.27427613735198975,0.46686282753944397,-0.03324517235159874,0.3429125249385834,0.4054950475692749,-0.044772177934646606,0.3989402949810028,0.3478362262248993,-0.05491306632757187,0.4461207389831543,0.30994245409965515,-0.06439865380525589,0.32399696111679077,0.2611972391605377,-0.01700000651180744,0.37064045667648315,0.1773545891046524,-0.033924032002687454,0.3959602415561676,0.12573382258415222,-0.04894397407770157,0.4160376787185669,0.07954882085323334,-0.06004094332456589,0.27794691920280457,0.22960151731967926,-0.015913529321551323,0.31335002183914185,0.13083598017692566,-0.028144024312496185,0.3365599811077118,0.07049719989299774,-0.040840815752744675,0.3528301417827606,0.019282907247543335,-0.05038200318813324,0.2281728833913803,0.22491376101970673,-0.02002747170627117,0.24334914982318878,0.1327158808708191,-0.034217335283756256,0.2556866705417633,0.07505802810192108,-0.045759961009025574,0.26731470227241516,0.02532850205898285,-0.05407067760825157,0.17560634016990662,0.241605743765831,-0.028127750381827354,0.17375440895557404,0.1696038544178009,-0.04370664805173874,0.17405200004577637,0.1221880316734314,-0.050598230212926865,0.1770712286233902,0.07688473165035248,-0.054412420839071274
hello,0.23755592107772827,0.5112587809562683,5.599474661721615e-07,0.31239861249923706,0.4937213659286499,-0.031137585639953613,0.3782891631126404,0.4332595467567444,-0.04300699755549431,0.4296891391277313,0.37403902411460876,-0.053882405161857605,0.47431161999702454,0.33554571866989136,-0.06460393220186234,0.3583087623119354,0.29091864824295044,-0.018161006271839142,0.4034308195114136,0.20580556988716125,-0.03673546016216278,0.424968421459198,0.15323029458522797,-0.052610091865062714,0.44046199321746826,0.10587969422340393,-0.06430969387292862,0.3123444616794586,0.26152342557907104,-0.018844405189156532,0.3460347354412079,0.16108189523220062,-0.03371024876832962,0.3659040331840515,0.10024900734424591,-0.0478251613676548,0.3790862262248993,0.049018293619155884,-0.058388397097587585,0.2621411979198456,0.2583009600639343,-0.024289445951581,0.2778206467628479,0.16332480311393738,-0.0400087907910347,0.28787142038345337,0.10392072796821594,-0.051586706191301346,0.2977483570575714,0.05284343659877777,-0.060071591287851334,0.20850366353988647,0.2770076096057892,-0.03331754356622696,0.20579949021339417,0.20640356838703156,-0.049357492476701736,0.20496459305286407,0.15883739292621613,-0.055502135306596756,0.20651623606681824,0.11354479193687439,-0.05897896736860275
hello,0.25170382857322693,0.5224663615226746,6.035884325683583e-07,0.3268604576587677,0.5070027709007263,-0.03496016934514046,0.394009530544281,0.4471876621246338,-0.048521243035793304,0.4473098814487457,0.3844771385192871,-0.05986969545483589,0.49258875846862793,0.34067264199256897,-0.0704338401556015,0.37201428413391113,0.30291032791137695,-0.021621808409690857,0.41464459896087646,0.215895414352417,-0.04125978797674179,0.4374523460865021,0.16343845427036285,-0.0580112561583519,0.4546963572502136,0.11661751568317413,-0.07001827657222748,0.3268529176712036,0.27460360527038574,-0.020117517560720444,0.36002662777900696,0.17199061810970306,-0.03454449772834778,0.38093051314353943,0.11021699011325836,-0.0486358217895031,0.39608511328697205,0.057814955711364746,-0.059481799602508545,0.27814674377441406,0.27168047428131104,-0.023756803944706917,0.292803019285202,0.17727167904376984,-0.03872499614953995,0.303182452917099,0.11749884486198425,-0.050334393978118896,0.31355756521224976,0.06689687073230743,-0.059136390686035156,0.2258024513721466,0.2890351116657257,-0.031391680240631104,0.22125479578971863,0.2183699607849121,-0.04620162397623062,0.21974624693393707,0.17016133666038513,-0.052422404289245605,0.2214202582836151,0.12406453490257263,-0.05634911358356476
hello,0.25340399146080017,0.5209357142448425,6.353894264066184e-07,0.3286319673061371,0.5081912875175476,-0.038177717477083206,0.39668259024620056,0.4479352831840515,-0.05294068902730942,0.4464832544326782,0.38640278577804565,-0.06450048089027405,0.4920211434364319,0.34547120332717896,-0.0748552605509758,0.37174442410469055,0.3031670153141022,-0.024721644818782806,0.41542160511016846,0.21845927834510803,-0.04464693367481232,0.4376465976238251,0.16600169241428375,-0.061350155621767044,0.4539656639099121,0.11966198682785034,-0.07346826046705246,0.32646816968917847,0.274728387594223,-0.02205190621316433,0.3615212142467499,0.17245768010616302,-0.03814861923456192,0.3818410634994507,0.11049231886863708,-0.05275605991482735,0.39684566855430603,0.05742737650871277,-0.06364253908395767,0.2778550386428833,0.2720365524291992,-0.02475503459572792,0.2923526465892792,0.17590449750423431,-0.04220137745141983,0.30393627285957336,0.11716008186340332,-0.05451424419879913,0.31628674268722534,0.06541705131530762,-0.06325255334377289,0.22524172067642212,0.29015395045280457,-0.031449832022190094,0.2219036966562271,0.21679125726222992,-0.048253387212753296,0.22040610015392303,0.1693023294210434,-0.05491362884640694,0.22260257601737976,0.12203863263130188,-0.058975011110305786
hello,0.2661397159099579,0.5305376052856445,6.042696440999862e-07,0.34072136878967285,0.5169128775596619,-0.036372337490320206,0.40802615880966187,0.4576156735420227,-0.05134669691324234,0.45974016189575195,0.39522793889045715,-0.06390390545129776,0.5054226517677307,0.351318895816803,-0.07578904181718826,0.3860376477241516,0.3128986358642578,-0.025103017687797546,0.4276873469352722,0.2271411120891571,-0.046630341559648514,0.45045989751815796,0.17501069605350494,-0.06450089812278748,0.46813976764678955,0.12873323261737823,-0.07731929421424866,0.34007754921913147,0.2835826277732849,-0.023590903729200363,0.37216147780418396,0.18212276697158813,-0.040289659053087234,0.39291948080062866,0.12134088575839996,-0.055343713611364365,0.40853002667427063,0.0703437477350235,-0.06658764183521271,0.2910023331642151,0.28074342012405396,-0.027213232591748238,0.3051892817020416,0.18464019894599915,-0.0439157634973526,0.317137211561203,0.1254596710205078,-0.05571208521723747,0.330460786819458,0.07482776045799255,-0.06449399143457413,0.23867207765579224,0.29941484332084656,-0.03486845642328262,0.2346116006374359,0.22780126333236694,-0.05098271369934082,0.23428311944007874,0.18025505542755127,-0.057503920048475266,0.23815903067588806,0.13425792753696442,-0.06153243035078049
hello,0.27022480964660645,0.5312727689743042,6.008924628986279e-07,0.3465951979160309,0.5197974443435669,-0.03616555035114288,0.4151422679424286,0.46162495017051697,-0.050478048622608185,0.46652624011039734,0.40013498067855835,-0.06231222674250603,0.5127336382865906,0.3589300215244293,-0.0734272301197052,0.39279085397720337,0.31700530648231506,-0.02244204841554165,0.43608978390693665,0.23394696414470673,-0.04270217940211296,0.4593002200126648,0.1825166791677475,-0.060197748243808746,0.4777371883392334,0.13695530593395233,-0.07297216355800629,0.347564160823822,0.28784722089767456,-0.020376436412334442,0.3802570700645447,0.18906369805335999,-0.03633692115545273,0.4010654091835022,0.12922403216362,-0.05148586630821228,0.4170498847961426,0.07783204317092896,-0.06298119574785233,0.2992648780345917,0.28392669558525085,-0.0234979260712862,0.31477537751197815,0.18970343470573425,-0.040080439299345016,0.32722005248069763,0.131690114736557,-0.05202338844537735,0.34050190448760986,0.08124278485774994,-0.06087202578783035,0.24712711572647095,0.30078834295272827,-0.030583059415221214,0.24437479674816132,0.23054078221321106,-0.04686904698610306,0.24477705359458923,0.18392294645309448,-0.05350273475050926,0.2489035725593567,0.137724831700325,-0.057601675391197205
hello,0.2815103828907013,0.5488534569740295,5.555293114412052e-07,0.3557662069797516,0.5360543131828308,-0.03749759495258331,0.4213496744632721,0.47448664903640747,-0.052220962941646576,0.47210386395454407,0.41328564286231995,-0.06383425742387772,0.5177596807479858,0.37092575430870056,-0.07472231984138489,0.3950566053390503,0.32971301674842834,-0.02820410206913948,0.43354958295822144,0.2412663698196411,-0.049178581684827805,0.4530825614929199,0.18717673420906067,-0.06616769731044769,0.46734917163848877,0.13993166387081146,-0.07857591658830643,0.34902581572532654,0.30236703157424927,-0.026537377387285233,0.3808756470680237,0.1987016499042511,-0.04353203997015953,0.39972150325775146,0.13647784292697906,-0.05878179520368576,0.4134669303894043,0.08459427952766418,-0.07032082229852676,0.3004831373691559,0.30197352170944214,-0.02992071770131588,0.3162282109260559,0.20423714816570282,-0.048339277505874634,0.328363835811615,0.1452254205942154,-0.06202804669737816,0.3414057791233063,0.09391219913959503,-0.0721193179488182,0.24914242327213287,0.32320940494537354,-0.037053875625133514,0.24494555592536926,0.24979400634765625,-0.05594068393111229,0.24332669377326965,0.2009449601173401,-0.06462786346673965,0.24588239192962646,0.15278588235378265,-0.07025475800037384
hello,0.2815735936164856,0.5572882294654846,5.844983093084011e-07,0.35859888792037964,0.5472004413604736,-0.039143674075603485,0.4253917336463928,0.48906439542770386,-0.05519961938261986,0.47719210386276245,0.4280053675174713,-0.06797211617231369,0.5230066776275635,0.38401317596435547,-0.07988359034061432,0.39947348833084106,0.3404991626739502,-0.028408195823431015,0.43989402055740356,0.25432896614074707,-0.04912228137254715,0.4605668783187866,0.20157596468925476,-0.06643903255462646,0.47616082429885864,0.1549411118030548,-0.07911030948162079,0.3541208505630493,0.3137389123439789,-0.025398628786206245,0.3863462805747986,0.21134713292121887,-0.041929859668016434,0.4057551324367523,0.1489330232143402,-0.056980207562446594,0.4199077785015106,0.09648217260837555,-0.0684848353266716,0.3060067296028137,0.3134154677391052,-0.02758748084306717,0.3227108418941498,0.2169174700975418,-0.044917359948158264,0.3346231281757355,0.15934593975543976,-0.0577700175344944,0.346866250038147,0.10868817567825317,-0.0672844797372818,0.25523874163627625,0.33401450514793396,-0.03379130735993385,0.2537296414375305,0.26220887899398804,-0.050936728715896606,0.2527086138725281,0.21532069146633148,-0.058494970202445984,0.25437408685684204,0.1688680499792099,-0.06336969137191772
hello,0.29375019669532776,0.5708021521568298,5.628988901662524e-07,0.37007570266723633,0.5599801540374756,-0.038341570645570755,0.43417441844940186,0.5004582405090332,-0.05434737727046013,0.4851054847240448,0.43922701478004456,-0.06725853681564331,0.5309116244316101,0.3952150046825409,-0.07970917969942093,0.40804556012153625,0.35423022508621216,-0.03006826341152191,0.4475893974304199,0.26851075887680054,-0.052416689693927765,0.4680737853050232,0.21491391956806183,-0.07071088254451752,0.4834379255771637,0.16646994650363922,-0.08414392173290253,0.36260566115379333,0.3277881443500519,-0.028246931731700897,0.3945996165275574,0.2257501482963562,-0.04675029218196869,0.413706511259079,0.16324332356452942,-0.06298374384641647,0.427653044462204,0.10821682214736938,-0.07532469928264618,0.314497172832489,0.3281228542327881,-0.03140055388212204,0.3317866623401642,0.2317112386226654,-0.050715140998363495,0.34429338574409485,0.17312294244766235,-0.06405922025442123,0.35698047280311584,0.12067525088787079,-0.0737805888056755,0.26385584473609924,0.3493618667125702,-0.03841100260615349,0.2621021866798401,0.27608954906463623,-0.057373128831386566,0.2617965340614319,0.22737354040145874,-0.06549891084432602,0.2644749581813812,0.17917948961257935,-0.07068336755037308
hello,0.3104541301727295,0.591270923614502,5.291157663123158e-07,0.38556164503097534,0.5812160968780518,-0.0338323749601841,0.4496736228466034,0.5230775475502014,-0.04939688369631767,0.500328004360199,0.4631185531616211,-0.06271888315677643,0.5457881689071655,0.4211752116680145,-0.07636415213346481,0.42776018381118774,0.3802500367164612,-0.03360406681895256,0.46804279088974,0.29080069065093994,-0.057419829070568085,0.48821118474006653,0.23602257668972015,-0.07526887953281403,0.5032714009284973,0.1862640529870987,-0.08825454860925674,0.3816775679588318,0.35434970259666443,-0.03468781337141991,0.41289660334587097,0.2502541244029999,-0.05535325035452843,0.43284064531326294,0.1858467012643814,-0.07179898023605347,0.44729435443878174,0.12996606528759003,-0.08429338783025742,0.33203670382499695,0.3550719916820526,-0.03993856534361839,0.3492404520511627,0.25699663162231445,-0.06139054149389267,0.36140507459640503,0.1958497315645218,-0.0755956694483757,0.37320831418037415,0.1422298401594162,-0.08569073677062988,0.27993345260620117,0.3763417899608612,-0.048320088535547256,0.27923572063446045,0.2996608018875122,-0.0697028860449791,0.2796039581298828,0.24796748161315918,-0.07921823859214783,0.28234127163887024,0.1977783888578415,-0.08515793085098267
hello,0.3170595169067383,0.5966649055480957,5.878684419258207e-07,0.39185553789138794,0.5865557193756104,-0.037105441093444824,0.4555533826351166,0.5288798809051514,-0.05409031733870506,0.5050308108329773,0.47035396099090576,-0.06799697130918503,0.5521240234375,0.43026190996170044,-0.08188612759113312,0.43267562985420227,0.3865133821964264,-0.034101150929927826,0.474220335483551,0.3008118271827698,-0.05759676918387413,0.4956696629524231,0.24617785215377808,-0.07576540857553482,0.5114340782165527,0.19782520830631256,-0.08895976841449738,0.38650912046432495,0.3593534231185913,-0.03350722789764404,0.419773131608963,0.25607460737228394,-0.054045792669057846,0.4408280551433563,0.19397591054439545,-0.07031046599149704,0.45670270919799805,0.14010989665985107,-0.08211690187454224,0.3373136520385742,0.3584599792957306,-0.03740621730685234,0.3554392158985138,0.2585863471031189,-0.05851639062166214,0.3700006306171417,0.197428360581398,-0.07197964936494827,0.3850511908531189,0.14366045594215393,-0.08131133019924164,0.28524166345596313,0.37851399183273315,-0.04480450972914696,0.2836526930332184,0.3013018071651459,-0.06567713618278503,0.2843681573867798,0.24997578561306,-0.0743989422917366,0.2887478470802307,0.19965389370918274,-0.0795430839061737
hello,0.3179450035095215,0.5967097282409668,5.976430088594498e-07,0.3932636082172394,0.5868352651596069,-0.03817455470561981,0.45884081721305847,0.5308502912521362,-0.05567639321088791,0.5076634883880615,0.4726147949695587,-0.06988242268562317,0.5534073114395142,0.4313850700855255,-0.08414523303508759,0.43637144565582275,0.38744646310806274,-0.035355228930711746,0.47778069972991943,0.30109813809394836,-0.059108275920152664,0.4984986186027527,0.24522793292999268,-0.07746332883834839,0.5135205984115601,0.19638165831565857,-0.09084460884332657,0.3901905119419098,0.3609587848186493,-0.034300535917282104,0.42372286319732666,0.25789183378219604,-0.05555880442261696,0.44465968012809753,0.1950882077217102,-0.0727420300245285,0.4604783058166504,0.14088597893714905,-0.08523552864789963,0.34080857038497925,0.36060768365859985,-0.037741806358098984,0.3583061397075653,0.261211633682251,-0.05959083512425423,0.3723631501197815,0.19992204010486603,-0.07419935613870621,0.3871670365333557,0.14552199840545654,-0.08434189110994339,0.28824150562286377,0.38052716851234436,-0.04468495771288872,0.28741616010665894,0.3044508993625641,-0.06654927134513855,0.2885228097438812,0.25264620780944824,-0.0765123963356018,0.2935960292816162,0.20091739296913147,-0.08255409449338913
hello,0.31962475180625916,0.5982270240783691,5.75628689603036e-07,0.3947404623031616,0.5888642072677612,-0.03840761259198189,0.45942309498786926,0.5310394167900085,-0.05512640252709389,0.508644163608551,0.47220972180366516,-0.06842458248138428,0.5543755292892456,0.4317382276058197,-0.08153516054153442,0.43778690695762634,0.38941219449043274,-0.03434351086616516,0.4780508875846863,0.30166375637054443,-0.05719686672091484,0.4982268810272217,0.24408002197742462,-0.07511920481920242,0.5120944976806641,0.19337104260921478,-0.08839323371648788,0.3920711576938629,0.3623705506324768,-0.03301573172211647,0.4255126714706421,0.25893980264663696,-0.05289013683795929,0.44503241777420044,0.1945953071117401,-0.069400355219841,0.45914512872695923,0.13937893509864807,-0.08167669922113419,0.34317609667778015,0.36147207021713257,-0.036310430616140366,0.36153486371040344,0.26249220967292786,-0.05693686380982399,0.3758030831813812,0.20036768913269043,-0.07117410004138947,0.3903532326221466,0.1455664038658142,-0.08136192709207535,0.290926456451416,0.3806437849998474,-0.043266430497169495,0.2892987132072449,0.3057096600532532,-0.06421054154634476,0.289211630821228,0.2541235089302063,-0.0739259347319603,0.29280877113342285,0.2033422589302063,-0.07999750226736069
hello,0.3202722370624542,0.5988057851791382,5.766715958088753e-07,0.3951146900653839,0.589478075504303,-0.03816194459795952,0.45945101976394653,0.5316551923751831,-0.054636355489492416,0.5080618262290955,0.47260504961013794,-0.06772524863481522,0.553101122379303,0.4318475127220154,-0.08055129647254944,0.4377569258213043,0.3893871605396271,-0.03372573107481003,0.47812318801879883,0.30198773741722107,-0.05630158260464668,0.4982094466686249,0.2451777160167694,-0.07393753528594971,0.5120962858200073,0.1952400952577591,-0.08695819973945618,0.39194995164871216,0.3622819781303406,-0.032376307994127274,0.42561325430870056,0.25860995054244995,-0.05201083421707153,0.4452758729457855,0.19457261264324188,-0.06822162121534348,0.4595246911048889,0.1401204764842987,-0.08020996302366257,0.34317755699157715,0.3616240620613098,-0.03568769991397858,0.36091506481170654,0.26271697878837585,-0.05608595907688141,0.37550821900367737,0.20060014724731445,-0.07019265741109848,0.3903998136520386,0.14619547128677368,-0.08023212850093842,0.2911878824234009,0.38131994009017944,-0.04266020655632019,0.2890532612800598,0.30624818801879883,-0.06338067352771759,0.28880783915519714,0.2545105814933777,-0.07304240763187408,0.29220807552337646,0.20356035232543945,-0.07905076444149017
hello,0.3209669589996338,0.5989933013916016,5.747278919443488e-07,0.3950077295303345,0.589009165763855,-0.03735733404755592,0.45886579155921936,0.5306623578071594,-0.05336640775203705,0.5068418383598328,0.47118133306503296,-0.06611782312393188,0.5516912937164307,0.43057742714881897,-0.07870247960090637,0.4376596212387085,0.3879621922969818,-0.03261556848883629,0.4777914881706238,0.30060675740242004,-0.05473848804831505,0.49744343757629395,0.24382895231246948,-0.072078637778759,0.510944128036499,0.1939942091703415,-0.08503676950931549,0.39194560050964355,0.3613361716270447,-0.03172023221850395,0.42609789967536926,0.25747978687286377,-0.05115761607885361,0.446105420589447,0.19374112784862518,-0.06726182252168655,0.46065351366996765,0.13973337411880493,-0.07918895781040192,0.34311994910240173,0.36128222942352295,-0.0354667529463768,0.3606233298778534,0.26127034425735474,-0.055991947650909424,0.3750309944152832,0.19910314679145813,-0.07023435831069946,0.3900929093360901,0.14451363682746887,-0.08039451390504837,0.2908708453178406,0.3815850615501404,-0.04277447238564491,0.28876399993896484,0.30598464608192444,-0.06389245390892029,0.28904610872268677,0.25413280725479126,-0.07387469708919525,0.29359111189842224,0.2026580572128296,-0.08014621585607529
hello,0.3096766769886017,0.5944190621376038,5.839499408466509e-07,0.386116623878479,0.5878463983535767,-0.03758201748132706,0.45076775550842285,0.5293331146240234,-0.053595323115587234,0.4993128478527069,0.46921536326408386,-0.06609684973955154,0.5443814992904663,0.42913004755973816,-0.07830936461687088,0.4295063614845276,0.38777804374694824,-0.033714067190885544,0.47066885232925415,0.3027411699295044,-0.056438833475112915,0.49161428213119507,0.24802979826927185,-0.07377717643976212,0.5063564777374268,0.20055288076400757,-0.08642814308404922,0.383626788854599,0.35983601212501526,-0.03255205601453781,0.4191536605358124,0.2564592957496643,-0.05265383422374725,0.4385990500450134,0.19309237599372864,-0.06848355382680893,0.453047513961792,0.1383223831653595,-0.07987231016159058,0.3341374397277832,0.35863080620765686,-0.03596576675772667,0.35405513644218445,0.25995492935180664,-0.05720827728509903,0.36899295449256897,0.19874022901058197,-0.07105961441993713,0.3845619857311249,0.14415881037712097,-0.08055641502141953,0.2809475362300873,0.37878891825675964,-0.04283008724451065,0.2790905237197876,0.3047868013381958,-0.06372733414173126,0.27986374497413635,0.25412148237228394,-0.07291243970394135,0.28476637601852417,0.20358160138130188,-0.07849477231502533
hello,0.3068590760231018,0.5948017835617065,5.853999596183712e-07,0.382638543844223,0.5873625874519348,-0.037816956639289856,0.4472252428531647,0.5284291505813599,-0.05384830757975578,0.495236873626709,0.4680792987346649,-0.06648246198892593,0.5409384965896606,0.42790475487709045,-0.07874591648578644,0.4268617331981659,0.38707873225212097,-0.03235699608922005,0.46771296858787537,0.30212274193763733,-0.054734889417886734,0.48867613077163696,0.24824930727481842,-0.07209815829992294,0.5038724541664124,0.20133590698242188,-0.08484729379415512,0.38074514269828796,0.358140766620636,-0.031092723831534386,0.41503286361694336,0.2541479468345642,-0.05092817544937134,0.43457305431365967,0.19083930552005768,-0.06708712130784988,0.4492548108100891,0.13643783330917358,-0.07874102145433426,0.3313647508621216,0.35618308186531067,-0.03449639305472374,0.3493584990501404,0.2574729919433594,-0.055295608937740326,0.3635842502117157,0.1960172951221466,-0.06927720457315445,0.37879225611686707,0.14165285229682922,-0.07896237820386887,0.27832114696502686,0.37568575143814087,-0.04145306721329689,0.27656352519989014,0.30110251903533936,-0.06176706403493881,0.27686965465545654,0.25060954689979553,-0.07078775763511658,0.28131330013275146,0.20062457025051117,-0.07634558528661728
hello,0.30486011505126953,0.5953654050827026,5.842911718900723e-07,0.38083121180534363,0.5865821838378906,-0.037997763603925705,0.4450986087322235,0.5272083282470703,-0.05406763404607773,0.49302566051483154,0.46623021364212036,-0.06682496517896652,0.5388957262039185,0.4249698221683502,-0.07922159880399704,0.4233926236629486,0.3857841491699219,-0.031347036361694336,0.464337557554245,0.30186498165130615,-0.053552962839603424,0.485387921333313,0.24895678460597992,-0.07106351107358932,0.5007291436195374,0.20251013338565826,-0.0839962512254715,0.3774401545524597,0.35734865069389343,-0.03020212985575199,0.4115642309188843,0.25361037254333496,-0.04995128884911537,0.43105176091194153,0.19025762379169464,-0.06639689952135086,0.4456706643104553,0.13537856936454773,-0.07837065309286118,0.32798975706100464,0.3557620942592621,-0.033873144537210464,0.3462732434272766,0.2571275234222412,-0.05488329753279686,0.3606271743774414,0.1954159289598465,-0.06926757097244263,0.37605810165405273,0.14059501886367798,-0.07925853133201599,0.2745102643966675,0.37556618452072144,-0.041114795953035355,0.2723277807235718,0.30071717500686646,-0.06169428303837776,0.2724187672138214,0.2500078082084656,-0.0709514170885086,0.2766900360584259,0.19966787099838257,-0.076740562915802
hello,0.3010619878768921,0.5954287648200989,6.036677291376691e-07,0.37636011838912964,0.58603835105896,-0.03804178908467293,0.44061967730522156,0.5240828394889832,-0.053819261491298676,0.4894164204597473,0.4615347385406494,-0.06609677523374557,0.5370811820030212,0.4199325144290924,-0.07784125208854675,0.4179062843322754,0.38376960158348083,-0.030816521495580673,0.4588923454284668,0.2994658350944519,-0.05293060839176178,0.48026496171951294,0.246141254901886,-0.07014377415180206,0.49578577280044556,0.19960078597068787,-0.08270586282014847,0.37133702635765076,0.3553819954395294,-0.02949153445661068,0.4056982100009918,0.24999652802944183,-0.04904388263821602,0.4257407784461975,0.1852732002735138,-0.06482313573360443,0.4407918453216553,0.12932220101356506,-0.07602863758802414,0.3216473460197449,0.35447150468826294,-0.03305630013346672,0.33984699845314026,0.25457876920700073,-0.054128363728523254,0.35513007640838623,0.19275858998298645,-0.06787685304880142,0.371383935213089,0.1376323401927948,-0.07705985009670258,0.26872095465660095,0.3754729926586151,-0.04018446430563927,0.26569002866744995,0.29969117045402527,-0.06077735871076584,0.26557832956314087,0.2488006055355072,-0.06950484961271286,0.269580602645874,0.19776396453380585,-0.07464347034692764
hello,0.30147790908813477,0.5970403552055359,6.076031127122405e-07,0.3766104280948639,0.5859094262123108,-0.038678430020809174,0.4403107762336731,0.5248558521270752,-0.05502898991107941,0.4873526096343994,0.4618939757347107,-0.0680677592754364,0.5338773131370544,0.4196336269378662,-0.08075709640979767,0.415915846824646,0.381437212228775,-0.03133273869752884,0.45714467763900757,0.2958899140357971,-0.05438484251499176,0.4795137047767639,0.2420269250869751,-0.0728960782289505,0.49667641520500183,0.19464561343193054,-0.08639631420373917,0.36972126364707947,0.3548416495323181,-0.03000701777637005,0.4033440947532654,0.24955320358276367,-0.04995172098278999,0.42335712909698486,0.18487773835659027,-0.06671039760112762,0.43879568576812744,0.1285485029220581,-0.07899726927280426,0.3206425607204437,0.35491740703582764,-0.03363409638404846,0.3392910957336426,0.25500354170799255,-0.054704729467630386,0.35349979996681213,0.1926160752773285,-0.06888780742883682,0.3684389591217041,0.13694053888320923,-0.07867205888032913,0.26762765645980835,0.3759264349937439,-0.04098564013838768,0.26594027876853943,0.2999103367328644,-0.061904426664114,0.26582416892051697,0.2485724687576294,-0.07109031826257706,0.26929357647895813,0.19723308086395264,-0.07666327059268951
hello,0.2995643615722656,0.5965349674224854,6.208574063748529e-07,0.37519145011901855,0.586408257484436,-0.039449531584978104,0.43899473547935486,0.524990439414978,-0.05646395683288574,0.48616212606430054,0.46100449562072754,-0.0699755996465683,0.5332508683204651,0.41763508319854736,-0.08316534012556076,0.41507965326309204,0.3807747960090637,-0.03279801830649376,0.4567032754421234,0.2941416800022125,-0.056446634232997894,0.47892361879348755,0.2388889193534851,-0.07516244053840637,0.4958081841468811,0.19029831886291504,-0.08872693032026291,0.36836734414100647,0.3541335463523865,-0.031154602766036987,0.4019205868244171,0.24827910959720612,-0.051366038620471954,0.4218207895755768,0.1835499405860901,-0.06783235818147659,0.43711310625076294,0.1275312602519989,-0.0797804668545723,0.3189597427845001,0.3543861210346222,-0.034450024366378784,0.33744555711746216,0.253831684589386,-0.055320531129837036,0.3515293598175049,0.19135098159313202,-0.0685080885887146,0.3666098117828369,0.13548794388771057,-0.07760420441627502,0.2658930718898773,0.3760388493537903,-0.04159438610076904,0.2645263373851776,0.29956507682800293,-0.06225874647498131,0.2652253806591034,0.2481784224510193,-0.07072718441486359,0.26972779631614685,0.19671665132045746,-0.07569335401058197
hello,0.30025365948677063,0.5969067811965942,6.257973268475325e-07,0.3752954304218292,0.5854272842407227,-0.03933028131723404,0.43875178694725037,0.5233943462371826,-0.05593951791524887,0.48626673221588135,0.45938247442245483,-0.0690450593829155,0.5329617261886597,0.4162564277648926,-0.08173491060733795,0.41452544927597046,0.3798897862434387,-0.03169897198677063,0.45605215430259705,0.29333847761154175,-0.054740212857723236,0.4781869649887085,0.23810972273349762,-0.07306672632694244,0.4948444068431854,0.18978165090084076,-0.08634527027606964,0.3682384788990021,0.3531346619129181,-0.02999826893210411,0.4020601809024811,0.24660718441009521,-0.04961366951465607,0.4222472906112671,0.18128259479999542,-0.0656578540802002,0.4375697374343872,0.12535429000854492,-0.07724272459745407,0.31909793615341187,0.3531803786754608,-0.03331989794969559,0.337873250246048,0.25173166394233704,-0.053840551525354385,0.35210365056991577,0.18894362449645996,-0.06699769198894501,0.3673575222492218,0.13343629240989685,-0.07603193074464798,0.266142338514328,0.37462377548217773,-0.04049376770853996,0.2641243636608124,0.2982565760612488,-0.06089305877685547,0.26459401845932007,0.24704426527023315,-0.06926482170820236,0.2691320478916168,0.19609862565994263,-0.07415879517793655
hello,0.3012446463108063,0.5972696542739868,6.240532002266264e-07,0.3760106861591339,0.5853545665740967,-0.03935260325670242,0.4393001198768616,0.5229766964912415,-0.05625932663679123,0.48666906356811523,0.4585864245891571,-0.069693922996521,0.5335549712181091,0.415191113948822,-0.08276048302650452,0.41424304246902466,0.3796460032463074,-0.03247566893696785,0.45580774545669556,0.29343560338020325,-0.056338436901569366,0.47835224866867065,0.23871853947639465,-0.07525704801082611,0.4957316815853119,0.19036749005317688,-0.08888712525367737,0.3677423298358917,0.352892130613327,-0.03089063987135887,0.4014018177986145,0.2465222179889679,-0.05129198357462883,0.4215666949748993,0.1814468801021576,-0.06769668310880661,0.43711984157562256,0.12484273314476013,-0.07949763536453247,0.31848791241645813,0.35315564274787903,-0.034289807081222534,0.3370913565158844,0.251407265663147,-0.05548785999417305,0.35120537877082825,0.1886921226978302,-0.06855937838554382,0.3663384020328522,0.1327250897884369,-0.07743334025144577,0.26543518900871277,0.37491336464881897,-0.04152074083685875,0.2640092372894287,0.2980598509311676,-0.062278661876916885,0.26487109065055847,0.2466398924589157,-0.0704861506819725,0.2695915699005127,0.19518086314201355,-0.07521767914295197
hello,0.3004596531391144,0.5961266756057739,6.293055889727839e-07,0.3753277361392975,0.5841015577316284,-0.03874814510345459,0.4386759400367737,0.521805465221405,-0.05543522909283638,0.4866141080856323,0.4572558104991913,-0.06869728863239288,0.5334362983703613,0.4137520492076874,-0.08161772042512894,0.41366827487945557,0.3788985013961792,-0.03219839558005333,0.45548099279403687,0.2923370599746704,-0.05569873005151749,0.4776053726673126,0.23698872327804565,-0.0742601752281189,0.4942164421081543,0.18830376863479614,-0.08757530897855759,0.3669353723526001,0.3522973358631134,-0.030778782442212105,0.4005448520183563,0.24482664465904236,-0.050665780901908875,0.42058998346328735,0.17906396090984344,-0.06666048616170883,0.4357787072658539,0.12212181091308594,-0.07815524190664291,0.31769388914108276,0.352711945772171,-0.03423077240586281,0.33621612191200256,0.25105220079421997,-0.054716791957616806,0.3502642810344696,0.1877501755952835,-0.06743291020393372,0.36519989371299744,0.13147413730621338,-0.07613085210323334,0.26474013924598694,0.37472668290138245,-0.04147836193442345,0.26292872428894043,0.29801857471466064,-0.06158921495079994,0.2636684477329254,0.2464553564786911,-0.06938481330871582,0.26835981011390686,0.1949964016675949,-0.07382845878601074
hello,0.30142438411712646,0.596977710723877,6.325134336293559e-07,0.3757537007331848,0.5845312476158142,-0.03889821097254753,0.43877974152565,0.5220859050750732,-0.05574364587664604,0.48645809292793274,0.45793581008911133,-0.06922619044780731,0.533187985420227,0.41486480832099915,-0.08236516267061234,0.4137417674064636,0.3788033723831177,-0.032550860196352005,0.45610320568084717,0.2922693192958832,-0.05652035027742386,0.47875410318374634,0.2369098961353302,-0.0754341408610344,0.49598175287246704,0.1882355809211731,-0.08894957602024078,0.3669099807739258,0.3521159291267395,-0.03117242455482483,0.4006214439868927,0.24486608803272247,-0.05164119228720665,0.42082875967025757,0.17884574830532074,-0.06798902899026871,0.43631136417388916,0.12144145369529724,-0.07964176684617996,0.31759920716285706,0.3524940609931946,-0.034673891961574554,0.33592742681503296,0.250628262758255,-0.05563816800713539,0.350060373544693,0.18730103969573975,-0.06857731193304062,0.365187406539917,0.13090097904205322,-0.0773281455039978,0.2645156681537628,0.3744834065437317,-0.04199200123548508,0.26299601793289185,0.29772719740867615,-0.06247582659125328,0.26372644305229187,0.2459762692451477,-0.07048206031322479,0.2683621048927307,0.19431184232234955,-0.07500182837247849
hello,0.3000800311565399,0.5960601568222046,6.420024760700471e-07,0.37523844838142395,0.5837752223014832,-0.039200156927108765,0.4385574460029602,0.5218737721443176,-0.05627750977873802,0.48619475960731506,0.4572153389453888,-0.0698694959282875,0.5333549976348877,0.4138493835926056,-0.08306214958429337,0.41354459524154663,0.3785130977630615,-0.032808817923069,0.4561331570148468,0.292122483253479,-0.056651752442121506,0.47895747423171997,0.23691685497760773,-0.07533607631921768,0.49652212858200073,0.188766747713089,-0.08866222947835922,0.3666211664676666,0.35171979665756226,-0.03115270659327507,0.40042421221733093,0.24440698325634003,-0.05161971226334572,0.42088449001312256,0.17847396433353424,-0.0677357017993927,0.4367202818393707,0.12150266766548157,-0.07914993166923523,0.31721940636634827,0.35199594497680664,-0.034387968480587006,0.33590829372406006,0.24966146051883698,-0.055350687354803085,0.350178062915802,0.18617619574069977,-0.06808550655841827,0.3655708432197571,0.12992635369300842,-0.07661774754524231,0.26405251026153564,0.37411367893218994,-0.04144524782896042,0.262123703956604,0.29713520407676697,-0.06185721233487129,0.2627701163291931,0.24520428478717804,-0.06975148618221283,0.26731234788894653,0.19346900284290314,-0.07413245737552643
hello,0.300401508808136,0.596327543258667,6.3370379166372e-07,0.37505388259887695,0.583379864692688,-0.038240592926740646,0.4384378492832184,0.520404040813446,-0.05476605147123337,0.4861370325088501,0.45621246099472046,-0.06797903776168823,0.5324430465698242,0.4129204750061035,-0.08084814995527267,0.4131360352039337,0.37792232632637024,-0.032343991100788116,0.45550915598869324,0.29112130403518677,-0.056277189403772354,0.4783298373222351,0.2358950525522232,-0.07497536391019821,0.4957311749458313,0.18769244849681854,-0.0882382020354271,0.36594319343566895,0.3512558341026306,-0.03122863732278347,0.3996662497520447,0.24339249730110168,-0.051792919635772705,0.4200499951839447,0.17719309031963348,-0.06794407963752747,0.43567797541618347,0.11984708905220032,-0.07934516668319702,0.31636545062065125,0.3516608774662018,-0.03492803871631622,0.3349573016166687,0.24937587976455688,-0.055926643311977386,0.34936702251434326,0.18572738766670227,-0.06869030743837357,0.36473655700683594,0.12924879789352417,-0.07723123580217361,0.2630786895751953,0.3737977147102356,-0.04236700013279915,0.2617161273956299,0.2966788411140442,-0.06273511052131653,0.2625989317893982,0.2446134090423584,-0.07054120302200317,0.26737576723098755,0.19277013838291168,-0.07487230747938156
hello,0.2976219356060028,0.5931156873703003,6.281073865466169e-07,0.373070627450943,0.580769419670105,-0.03851943835616112,0.4371781051158905,0.5177563428878784,-0.05535811185836792,0.4853464961051941,0.45326972007751465,-0.06888076663017273,0.532674252986908,0.4094250500202179,-0.08216927945613861,0.41198185086250305,0.37615907192230225,-0.032721977680921555,0.45383420586586,0.2893092930316925,-0.05683229863643646,0.47606879472732544,0.23394040763378143,-0.07572425156831741,0.4928267002105713,0.18537762761116028,-0.0891701951622963,0.36445799469947815,0.3496576249599457,-0.03170449286699295,0.39708802103996277,0.24131131172180176,-0.052338793873786926,0.41698628664016724,0.17498834431171417,-0.06874485313892365,0.43235284090042114,0.11731263995170593,-0.08045848459005356,0.3145943284034729,0.3503039479255676,-0.035521697252988815,0.33280426263809204,0.2483273297548294,-0.05666835606098175,0.3469559848308563,0.1841920167207718,-0.06970014423131943,0.3620431125164032,0.12694674730300903,-0.07851577550172806,0.2610630989074707,0.3725162744522095,-0.04308213293552399,0.25958243012428284,0.29531198740005493,-0.06367854028940201,0.26014444231987,0.2431895136833191,-0.07165646553039551,0.2642724812030792,0.1911412924528122,-0.07615549117326736
hello,0.296288400888443,0.5933769345283508,6.19778006694105e-07,0.3720317780971527,0.5816525816917419,-0.03864583000540733,0.4364704489707947,0.5175851583480835,-0.05526837334036827,0.4841155707836151,0.45273059606552124,-0.0685335025191307,0.5310810208320618,0.40902620553970337,-0.08156084269285202,0.4113137423992157,0.37631839513778687,-0.0332300029695034,0.45311516523361206,0.2892414629459381,-0.057702403515577316,0.47561588883399963,0.23344814777374268,-0.07678086310625076,0.4925761818885803,0.18441101908683777,-0.09046229720115662,0.36372044682502747,0.34951427578926086,-0.03238654509186745,0.39651384949684143,0.24122966825962067,-0.05374955013394356,0.41667479276657104,0.17462824285030365,-0.07064267992973328,0.43213027715682983,0.1163645088672638,-0.08263999223709106,0.31387826800346375,0.3502456545829773,-0.03638079762458801,0.3320310711860657,0.2482237070798874,-0.05843803286552429,0.34663763642311096,0.18358881771564484,-0.07211211323738098,0.3620474636554718,0.12563976645469666,-0.08126050233840942,0.2606264054775238,0.372728168964386,-0.044083431363105774,0.25866594910621643,0.29552581906318665,-0.0656336098909378,0.2589361071586609,0.2427186369895935,-0.074307382106781,0.26284879446029663,0.1899229884147644,-0.07924564182758331
hello,0.2948395311832428,0.5924522876739502,6.161596957099391e-07,0.3705100417137146,0.5806920528411865,-0.03845813870429993,0.4351809620857239,0.5172809362411499,-0.05521683022379875,0.48289185762405396,0.45277681946754456,-0.06865344196557999,0.5300604104995728,0.4091474413871765,-0.08191929012537003,0.40999799966812134,0.37596818804740906,-0.033698782324790955,0.45207470655441284,0.288880318403244,-0.05842633545398712,0.47464078664779663,0.23287281394004822,-0.07751865684986115,0.4915781319141388,0.18377652764320374,-0.09118876606225967,0.3626660704612732,0.3489827513694763,-0.03307965770363808,0.39581823348999023,0.2404068261384964,-0.05475064367055893,0.4161660671234131,0.17361468076705933,-0.07175295799970627,0.4316137731075287,0.11542364954948425,-0.08380954712629318,0.31306883692741394,0.3496764898300171,-0.037244390696287155,0.33160945773124695,0.24725109338760376,-0.05968376249074936,0.34637585282325745,0.1827726811170578,-0.07357646524906158,0.3618638813495636,0.1250726580619812,-0.08283974975347519,0.2600633502006531,0.3720845878124237,-0.04503929615020752,0.25790607929229736,0.294589102268219,-0.0671115517616272,0.2583269774913788,0.24157947301864624,-0.07611829042434692,0.26252254843711853,0.18870452046394348,-0.08123431354761124
hello,0.2929687201976776,0.5917204022407532,6.121376259216049e-07,0.3691936731338501,0.5799967646598816,-0.037876904010772705,0.43425676226615906,0.5162200927734375,-0.05418672785162926,0.48250705003738403,0.45173999667167664,-0.06729498505592346,0.5303324460983276,0.4089772701263428,-0.0801769271492958,0.4093226194381714,0.37484192848205566,-0.032258301973342896,0.45142072439193726,0.2879311740398407,-0.05643535777926445,0.4737716019153595,0.23203015327453613,-0.07521511614322662,0.4904130697250366,0.18312257528305054,-0.08872390538454056,0.3618875741958618,0.3477553427219391,-0.03179185464978218,0.3950271010398865,0.2391253113746643,-0.05309826880693436,0.41537946462631226,0.1724916398525238,-0.06995578855276108,0.4308280944824219,0.11446720361709595,-0.08188746124505997,0.31205540895462036,0.3482280373573303,-0.03612549230456352,0.3305901288986206,0.24583926796913147,-0.058398857712745667,0.3455534279346466,0.1815483421087265,-0.0722825899720192,0.3611493408679962,0.12408670783042908,-0.08150805532932281,0.25884106755256653,0.37032490968704224,-0.04405045881867409,0.2565159797668457,0.2929403483867645,-0.0659332424402237,0.2565988004207611,0.240136981010437,-0.07484669238328934,0.2602290213108063,0.18746957182884216,-0.07988676428794861
hello,0.2930211126804352,0.592602014541626,6.166350203784532e-07,0.3685169517993927,0.5807530283927917,-0.03892623633146286,0.43326491117477417,0.516932487487793,-0.05544401705265045,0.4815060794353485,0.4520174264907837,-0.06858271360397339,0.5288263559341431,0.40889057517051697,-0.08132220804691315,0.408483624458313,0.37432852387428284,-0.032440438866615295,0.4507744014263153,0.28684186935424805,-0.05646945908665657,0.4732220768928528,0.23060819506645203,-0.07527655363082886,0.4899674654006958,0.1812296211719513,-0.08878371864557266,0.3607720732688904,0.3470330834388733,-0.031342532485723495,0.3938058018684387,0.23832200467586517,-0.05218346416950226,0.4135940968990326,0.17151334881782532,-0.06880998611450195,0.42869552969932556,0.11340129375457764,-0.08062748610973358,0.31079035997390747,0.3472236394882202,-0.035163428634405136,0.3296474814414978,0.24480189383029938,-0.05678417161107063,0.3443368971347809,0.1804044246673584,-0.07030724734067917,0.359558641910553,0.12293842434883118,-0.07937205582857132,0.25735753774642944,0.3692565858364105,-0.04276999831199646,0.25568342208862305,0.2915465831756592,-0.06398285180330276,0.2556955814361572,0.23887476325035095,-0.07249266654253006,0.2589980959892273,0.18639494478702545,-0.07728560268878937
hello,0.2926076054573059,0.5930725336074829,6.27863528279704e-07,0.36880892515182495,0.5806806087493896,-0.03867271542549133,0.4337395131587982,0.5168455839157104,-0.05518987402319908,0.4818492531776428,0.4514255225658417,-0.06840568035840988,0.529051661491394,0.4075884521007538,-0.08131271600723267,0.40828660130500793,0.37433889508247375,-0.032434865832328796,0.4513009786605835,0.28661659359931946,-0.05703304335474968,0.4742874503135681,0.22979207336902618,-0.07612975686788559,0.49145984649658203,0.18029582500457764,-0.08972340077161789,0.3604741096496582,0.3471938967704773,-0.03151160106062889,0.39338618516921997,0.2376290261745453,-0.05318909510970116,0.41362667083740234,0.17027588188648224,-0.07014330476522446,0.4290105402469635,0.11200544238090515,-0.081966333091259,0.31046780943870544,0.34748804569244385,-0.03546876087784767,0.32917118072509766,0.24430133402347565,-0.057819876819849014,0.34399181604385376,0.17980462312698364,-0.07124854624271393,0.35951733589172363,0.12238535284996033,-0.0800229012966156,0.2570677399635315,0.36948972940444946,-0.04313928633928299,0.25559839606285095,0.291992723941803,-0.06485862284898758,0.25654518604278564,0.23904772102832794,-0.07330820709466934,0.2612066864967346,0.18632273375988007,-0.07788202911615372
hello,0.2892579436302185,0.5919932723045349,6.161479291222349e-07,0.36628514528274536,0.5804373025894165,-0.038469452410936356,0.4322493076324463,0.5167286396026611,-0.054856881499290466,0.48109012842178345,0.4511907398700714,-0.06797263771295547,0.5290177464485168,0.4078133702278137,-0.08076738566160202,0.407329797744751,0.3737986981868744,-0.03222902491688728,0.45019203424453735,0.2857237458229065,-0.0564400814473629,0.472897469997406,0.22915157675743103,-0.07526843249797821,0.49004030227661133,0.17989282310009003,-0.088783398270607,0.35957154631614685,0.3465387523174286,-0.03129694610834122,0.39241212606430054,0.2375970035791397,-0.05267539992928505,0.41249996423721313,0.17024356126785278,-0.06962160766124725,0.42781609296798706,0.11165857315063477,-0.08157269656658173,0.3097011148929596,0.3468383252620697,-0.03522766754031181,0.32789313793182373,0.24374717473983765,-0.057344965636730194,0.34234094619750977,0.17907384037971497,-0.07103637605905533,0.3574961721897125,0.12126678228378296,-0.08010019361972809,0.2565099596977234,0.36902493238449097,-0.042865365743637085,0.2541804611682892,0.2913452982902527,-0.06450414657592773,0.25425082445144653,0.23821397125720978,-0.07330576330423355,0.2578936219215393,0.18522918224334717,-0.07821179181337357
hello,0.2907135784626007,0.5922247767448425,6.297213985817507e-07,0.36647266149520874,0.5792884826660156,-0.03892115131020546,0.43130865693092346,0.5155973434448242,-0.055705294013023376,0.4800657033920288,0.45070597529411316,-0.06912382692098618,0.5280322432518005,0.40754038095474243,-0.08213367313146591,0.4066401720046997,0.37363195419311523,-0.03275544196367264,0.4496072828769684,0.2858197093009949,-0.056908655911684036,0.4727172255516052,0.22966806590557098,-0.07579261809587479,0.49001818895339966,0.1802653670310974,-0.08928945660591125,0.3584604859352112,0.3458390235900879,-0.031745150685310364,0.3912830948829651,0.23601627349853516,-0.052511174231767654,0.4111849069595337,0.16888093948364258,-0.0690944492816925,0.42622843384742737,0.11075544357299805,-0.08087924122810364,0.3081338107585907,0.3458908200263977,-0.035631854087114334,0.32566386461257935,0.24287836253643036,-0.05692046880722046,0.3401518166065216,0.17760667204856873,-0.0701572448015213,0.35519877076148987,0.11971402168273926,-0.07908149063587189,0.2545129358768463,0.3680659532546997,-0.04334339499473572,0.25226882100105286,0.2894269824028015,-0.0638994351029396,0.2524702250957489,0.23626026511192322,-0.07182864099740982,0.25610285997390747,0.18346941471099854,-0.07628156244754791
thank_you,0.12901070713996887,0.4749586582183838,-3.9126649653553613e-07,0.18276450037956238,0.5099493861198425,-0.031204311177134514,0.25675854086875916,0.4788393974304199,-0.04403330385684967,0.3073892891407013,0.4342723488807678,-0.05406815931200981,0.34947872161865234,0.4105599522590637,-0.060056328773498535,0.2767322063446045,0.38803043961524963,-0.025013575330376625,0.31238505244255066,0.3661995530128479,-0.06228800490498543,0.2848034203052521,0.3978695273399353,-0.08317500352859497,0.2534124553203583,0.42534416913986206,-0.09164460748434067,0.2539500892162323,0.3472512364387512,-0.022043796256184578,0.2998148202896118,0.32287558913230896,-0.06182289868593216,0.2654406428337097,0.36725205183029175,-0.07405687123537064,0.23324261605739594,0.39644527435302734,-0.0731908455491066,0.22579702734947205,0.3158222734928131,-0.02470647543668747,0.2705569863319397,0.2933151423931122,-0.06133865565061569,0.24375739693641663,0.3413654863834381,-0.05739273503422737,0.21845585107803345,0.3698025941848755,-0.045348066836595535,0.19029739499092102,0.29549360275268555,-0.02957674115896225,0.22695674002170563,0.28261613845825195,-0.05467519909143448,0.21446523070335388,0.31929370760917664,-0.050601936876773834,0.20091617107391357,0.342014878988266,-0.041152212768793106
thank_you,0.14256738126277924,0.4415324330329895,-3.3863610582329784e-08,0.21087384223937988,0.4661034345626831,-0.021238116547465324,0.29244452714920044,0.4479089081287384,-0.026686571538448334,0.3377794027328491,0.40250304341316223,-0.032273948192596436,0.362687349319458,0.36402130126953125,-0.03522074967622757,0.3067438006401062,0.3424837589263916,0.0016256709350273013,0.33979249000549316,0.31996724009513855,-0.025082873180508614,0.3258313536643982,0.36037755012512207,-0.04304730147123337,0.3020944595336914,0.3955560028553009,-0.04936268925666809,0.2781527042388916,0.3035522699356079,0.00182307418435812,0.31638187170028687,0.2752698063850403,-0.027244241908192635,0.29281023144721985,0.33369675278663635,-0.04010636731982231,0.2642987072467804,0.37639227509498596,-0.03987545520067215,0.24223031103610992,0.2755005955696106,-0.0028503036592155695,0.2786811590194702,0.2500215768814087,-0.034363094717264175,0.2531815469264984,0.3158379793167114,-0.03037618286907673,0.22546866536140442,0.3580523431301117,-0.017429154366254807,0.1968630999326706,0.25656914710998535,-0.009143317118287086,0.23154541850090027,0.24263551831245422,-0.034041717648506165,0.2191430628299713,0.29465728998184204,-0.027930084615945816,0.2017100751399994,0.32840266823768616,-0.015113851055502892
thank_you,0.15821200609207153,0.4411603808403015,-1.6448286999093398e-07,0.21924763917922974,0.46411848068237305,-0.019485216587781906,0.298969030380249,0.44347238540649414,-0.025258542969822884,0.3378647267818451,0.39419952034950256,-0.03234934061765671,0.3530210852622986,0.3447575271129608,-0.035864416509866714,0.32129979133605957,0.34038281440734863,-0.0026192450895905495,0.36712196469306946,0.30370229482650757,-0.03456227481365204,0.3455806076526642,0.34299236536026,-0.05218607187271118,0.31689271330833435,0.37681815028190613,-0.056911613792181015,0.2891242504119873,0.305020272731781,-0.005445708986371756,0.3359888792037964,0.2726683020591736,-0.040223490446805954,0.3051556646823883,0.33404573798179626,-0.05067251995205879,0.27572470903396606,0.37573346495628357,-0.047078292816877365,0.24963758885860443,0.27901047468185425,-0.013426569290459156,0.29016411304473877,0.24968039989471436,-0.05149790272116661,0.2605135440826416,0.32311365008354187,-0.04530391842126846,0.23338623344898224,0.3681834638118744,-0.028677409514784813,0.20096072554588318,0.260562539100647,-0.022693108767271042,0.23684778809547424,0.24455475807189941,-0.05026862397789955,0.2253105491399765,0.29870525002479553,-0.04244818538427353,0.2098926454782486,0.3330520987510681,-0.027565713971853256
thank_you,0.1619136482477188,0.43803226947784424,-3.381650515166257e-07,0.2277420163154602,0.4595501720905304,-0.022777758538722992,0.3152207136154175,0.43246328830718994,-0.030622126534581184,0.37050744891166687,0.3904837965965271,-0.0394885316491127,0.41540688276290894,0.3660297989845276,-0.04406604543328285,0.3355126976966858,0.340267151594162,-0.006639114581048489,0.3800758421421051,0.2984425127506256,-0.04444616660475731,0.3514982759952545,0.34414544701576233,-0.06390252709388733,0.3172489404678345,0.3822826147079468,-0.06860660016536713,0.30008599162101746,0.3030109703540802,-0.008442766033113003,0.33889585733413696,0.26877841353416443,-0.04767380654811859,0.29927998781204224,0.33649569749832153,-0.05581824854016304,0.26990756392478943,0.37653011083602905,-0.05030067637562752,0.2577090561389923,0.27531173825263977,-0.016762806102633476,0.2952736020088196,0.2430642992258072,-0.05758410319685936,0.26185816526412964,0.3174699544906616,-0.048248305916786194,0.23651596903800964,0.3598272502422333,-0.029516257345676422,0.20709727704524994,0.25353461503982544,-0.026795601472258568,0.24051164090633392,0.2360135316848755,-0.054865483194589615,0.2253095805644989,0.2924274504184723,-0.045681070536375046,0.21103452146053314,0.3242494761943817,-0.02989315241575241
thank_you,0.16023117303848267,0.42557305097579956,-2.14435871725982e-07,0.2241288274526596,0.44572657346725464,-0.01837657205760479,0.2988889217376709,0.4272865653038025,-0.027518844231963158,0.3345213532447815,0.3783115744590759,-0.03846383094787598,0.3520492911338806,0.3347688615322113,-0.04624518007040024,0.33141210675239563,0.3311266005039215,-0.007885030470788479,0.38220950961112976,0.28751140832901,-0.04285717383027077,0.36703965067863464,0.32389554381370544,-0.06278606504201889,0.34072935581207275,0.36308354139328003,-0.06925622373819351,0.2970691919326782,0.290495365858078,-0.012401051819324493,0.3428962230682373,0.25827690958976746,-0.05086435005068779,0.3064859211444855,0.3238425850868225,-0.06080269441008568,0.2764281630516052,0.3648131489753723,-0.057220589369535446,0.2565932869911194,0.2606304883956909,-0.021917063742876053,0.2984829246997833,0.225032776594162,-0.05952079966664314,0.2676861584186554,0.29873913526535034,-0.051219094544649124,0.24166372418403625,0.34174153208732605,-0.03463798761367798,0.20681609213352203,0.2380826771259308,-0.03298209607601166,0.241982102394104,0.22156813740730286,-0.05921446159482002,0.2295726090669632,0.27790582180023193,-0.05003886669874191,0.2151094377040863,0.31068551540374756,-0.03517325595021248
thank_you,0.162541925907135,0.41694968938827515,-2.3426832740369719e-07,0.23338529467582703,0.43138158321380615,-0.01954028569161892,0.3060556650161743,0.4071713387966156,-0.0292583629488945,0.3389747142791748,0.3576461970806122,-0.04041082784533501,0.3506672978401184,0.31098634004592896,-0.047914549708366394,0.33281588554382324,0.31083202362060547,-0.009272892959415913,0.3801552653312683,0.2733934223651886,-0.04694133996963501,0.35742220282554626,0.31551623344421387,-0.06868631392717361,0.32511430978775024,0.35261985659599304,-0.07608703523874283,0.29776710271835327,0.27253252267837524,-0.013819420710206032,0.34134331345558167,0.23924443125724792,-0.05422043800354004,0.30692559480667114,0.3060733377933502,-0.0660184845328331,0.277007520198822,0.34636634588241577,-0.06400807201862335,0.25664374232292175,0.24377712607383728,-0.02376779541373253,0.2979133427143097,0.20868998765945435,-0.06346304714679718,0.2698116600513458,0.28228920698165894,-0.05791347473859787,0.24480143189430237,0.32323867082595825,-0.04319249838590622,0.20631751418113708,0.22203728556632996,-0.035259269177913666,0.241786390542984,0.2066989541053772,-0.06326692551374435,0.23037976026535034,0.26355117559432983,-0.056289270520210266,0.21685275435447693,0.29548773169517517,-0.043162062764167786
thank_you,0.16792139410972595,0.4036920964717865,-1.2895451106942346e-07,0.2363869845867157,0.41666698455810547,-0.017667468637228012,0.3066742420196533,0.39711523056030273,-0.028380077332258224,0.3369322121143341,0.3543146252632141,-0.04131307452917099,0.34102103114128113,0.3046405613422394,-0.05150255933403969,0.33434435725212097,0.29457369446754456,-0.007684872020035982,0.38430219888687134,0.2578597962856293,-0.0450456365942955,0.37350448966026306,0.29284152388572693,-0.0677853524684906,0.34671932458877563,0.3285467326641083,-0.07580575346946716,0.2996663749217987,0.25786101818084717,-0.01341959461569786,0.3429321050643921,0.2265305519104004,-0.054076097905635834,0.31156909465789795,0.29408255219459534,-0.06662127375602722,0.2826266586780548,0.33387699723243713,-0.06497199833393097,0.2581479847431183,0.22961203753948212,-0.024222400039434433,0.3007625937461853,0.1947869062423706,-0.06458291411399841,0.27385032176971436,0.2719273567199707,-0.0588693805038929,0.2482793629169464,0.31512030959129333,-0.043645910918712616,0.2070365846157074,0.20794039964675903,-0.036376990377902985,0.2426322102546692,0.1943243145942688,-0.065360888838768,0.2326568365097046,0.25285977125167847,-0.05804375931620598,0.21913662552833557,0.2859475016593933,-0.04419563338160515
thank_you,0.1733175814151764,0.4028642177581787,-2.5675402071101416e-07,0.24287864565849304,0.4157019555568695,-0.01705322414636612,0.31455427408218384,0.3911498785018921,-0.025793541222810745,0.3394347131252289,0.34529322385787964,-0.03600306063890457,0.339640736579895,0.29779037833213806,-0.04233131930232048,0.340095579624176,0.2851780951023102,-0.011040092445909977,0.3859517574310303,0.24924162030220032,-0.046399448066949844,0.3612287640571594,0.2985973358154297,-0.06349323689937592,0.33080384135246277,0.33353596925735474,-0.06784052401781082,0.3037414252758026,0.2492123246192932,-0.016567006707191467,0.3457731008529663,0.21777161955833435,-0.05456089600920677,0.3120725154876709,0.29300597310066223,-0.06301704794168472,0.28564614057540894,0.3300235867500305,-0.059452127665281296,0.26115888357162476,0.22119608521461487,-0.026856375858187675,0.30369076132774353,0.18534544110298157,-0.0665511041879654,0.275463730096817,0.2697945833206177,-0.05879828706383705,0.25111567974090576,0.3110961318016052,-0.042837951332330704,0.20867598056793213,0.19998133182525635,-0.03806154802441597,0.24405252933502197,0.18424716591835022,-0.0665067806839943,0.2334340214729309,0.2480650693178177,-0.058048222213983536,0.22068509459495544,0.28111258149147034,-0.043867792934179306
thank_you,0.17759473621845245,0.4060478210449219,-2.7087781973023084e-07,0.24762021005153656,0.4157296419143677,-0.01446045096963644,0.317210853099823,0.3881579339504242,-0.02242434397339821,0.33805760741233826,0.33830803632736206,-0.032339129596948624,0.333935022354126,0.28868216276168823,-0.038937658071517944,0.3393065929412842,0.2858603298664093,-0.009379572235047817,0.3869956433773041,0.2439432442188263,-0.04296327009797096,0.36257266998291016,0.2923060357570648,-0.06051453575491905,0.33286064863204956,0.3289458155632019,-0.06570222973823547,0.3025473356246948,0.2514362931251526,-0.015473558567464352,0.3461189866065979,0.21383336186408997,-0.049828194081783295,0.31505507230758667,0.2885117828845978,-0.057850148528814316,0.28905078768730164,0.3295260965824127,-0.05496211349964142,0.2600771188735962,0.22454926371574402,-0.025927918031811714,0.30237680673599243,0.1841433048248291,-0.061402030289173126,0.2774079442024231,0.2667502164840698,-0.05400478467345238,0.25406086444854736,0.3107002079486847,-0.03939667344093323,0.2087492197751999,0.2046288549900055,-0.037185147404670715,0.24425089359283447,0.18385577201843262,-0.0621463805437088,0.23606179654598236,0.24608607590198517,-0.053316373378038406,0.2234671264886856,0.2812345027923584,-0.03976649045944214
thank_you,0.19511498510837555,0.40443694591522217,-2.1101588743022148e-07,0.264631062746048,0.41565918922424316,-0.018977195024490356,0.33507996797561646,0.3872014880180359,-0.030028700828552246,0.3538554608821869,0.3303607106208801,-0.04182112216949463,0.34485796093940735,0.27998918294906616,-0.050050873309373856,0.3556569218635559,0.27865415811538696,-0.014925459399819374,0.40400680899620056,0.2387235164642334,-0.05105740576982498,0.38170334696769714,0.28929322957992554,-0.06988506764173508,0.35379064083099365,0.32751238346099854,-0.07587353140115738,0.31769895553588867,0.24391964077949524,-0.02025694213807583,0.36538365483283997,0.20351693034172058,-0.05726289376616478,0.33495810627937317,0.28103208541870117,-0.06621649861335754,0.30942705273628235,0.32155460119247437,-0.06321876496076584,0.27402597665786743,0.21925997734069824,-0.03015468269586563,0.31670036911964417,0.17984813451766968,-0.06853869557380676,0.2941821217536926,0.26356932520866394,-0.06136319041252136,0.2728356719017029,0.30480873584747314,-0.04602881520986557,0.22202083468437195,0.20198479294776917,-0.04109284654259682,0.2596360445022583,0.18154117465019226,-0.06701315939426422,0.25289037823677063,0.24347978830337524,-0.05753728374838829,0.24062509834766388,0.27507153153419495,-0.04343785345554352
thank_you,0.19821470975875854,0.4044492840766907,-2.9654711397597566e-07,0.26922592520713806,0.413986474275589,-0.01598713919520378,0.3374989628791809,0.3818851113319397,-0.024709364399313927,0.3569466471672058,0.33193477988243103,-0.03492901101708412,0.35598599910736084,0.2817346751689911,-0.04134639725089073,0.35963642597198486,0.27990272641181946,-0.012209679931402206,0.4065929651260376,0.23928998410701752,-0.0467391163110733,0.3799586892127991,0.29225799441337585,-0.06400088220834732,0.3512091338634491,0.3287959396839142,-0.06917664408683777,0.32218411564826965,0.24603448808193207,-0.018223725259304047,0.3673700988292694,0.20653751492500305,-0.0535566620528698,0.3357020616531372,0.28436022996902466,-0.06072137877345085,0.3107679784297943,0.3235626518726349,-0.05703749135136604,0.2787635922431946,0.22042040526866913,-0.028712090104818344,0.322414755821228,0.17835986614227295,-0.06534820050001144,0.2975578010082245,0.2629980742931366,-0.056230660527944565,0.27536541223526,0.30356526374816895,-0.04033701866865158,0.22662046551704407,0.2030104696750641,-0.040051620453596115,0.26369377970695496,0.18342086672782898,-0.0653349906206131,0.25549036264419556,0.24633830785751343,-0.055048417299985886,0.24270181357860565,0.27761176228523254,-0.04053173586726189
thank_you,0.20615848898887634,0.41398143768310547,-2.8830308451688325e-07,0.27423352003097534,0.42143216729164124,-0.01415304560214281,0.34192538261413574,0.39095646142959595,-0.022766508162021637,0.36251625418663025,0.3422257602214813,-0.03294428437948227,0.3571770489215851,0.2941280007362366,-0.039669837802648544,0.363086462020874,0.28457722067832947,-0.013993524946272373,0.40826281905174255,0.2423938363790512,-0.046209365129470825,0.3838753402233124,0.2963564395904541,-0.06166744604706764,0.3577442765235901,0.3327929973602295,-0.06630051136016846,0.32491135597229004,0.2512435019016266,-0.020892363041639328,0.36846402287483215,0.21100832521915436,-0.05391841381788254,0.33970361948013306,0.2899666428565979,-0.06009693443775177,0.3165855407714844,0.32847821712493896,-0.05674625560641289,0.281135231256485,0.22611701488494873,-0.03154056891798973,0.3232019245624542,0.18282145261764526,-0.06616205722093582,0.3010750412940979,0.2690211534500122,-0.05679447576403618,0.28049373626708984,0.3099990785121918,-0.041735026985406876,0.22895300388336182,0.2092282474040985,-0.042825303971767426,0.2647846043109894,0.18642818927764893,-0.06700891256332397,0.2582560181617737,0.25136861205101013,-0.056345514953136444,0.24653758108615875,0.2849419116973877,-0.04213055968284607
thank_you,0.21042844653129578,0.4171443581581116,-2.6934222319141554e-07,0.2768108546733856,0.4240370988845825,-0.015805616974830627,0.34367963671684265,0.39498454332351685,-0.02506757713854313,0.3635498583316803,0.348219096660614,-0.03564068302512169,0.358457088470459,0.30162104964256287,-0.04267195239663124,0.3650932013988495,0.2851632237434387,-0.013195084407925606,0.4097772240638733,0.24392321705818176,-0.04628894850611687,0.3867875337600708,0.29764989018440247,-0.06290964037179947,0.36087703704833984,0.33487817645072937,-0.06808344274759293,0.32708030939102173,0.2517907917499542,-0.019066886976361275,0.36979803442955017,0.21303263306617737,-0.05276927351951599,0.34206369519233704,0.29175400733947754,-0.05981549993157387,0.319588840007782,0.3311939835548401,-0.05665484070777893,0.28304052352905273,0.22674480080604553,-0.029048552736639977,0.32482439279556274,0.18473637104034424,-0.0647459402680397,0.3033088743686676,0.270416796207428,-0.05675005167722702,0.2833705544471741,0.3120935261249542,-0.04207532852888107,0.23035623133182526,0.21108826994895935,-0.03976268321275711,0.26611384749412537,0.19169148802757263,-0.06508398056030273,0.260440468788147,0.2565022110939026,-0.055752601474523544,0.24997055530548096,0.2897496223449707,-0.04204852506518364
thank_you,0.21406002342700958,0.4212324023246765,-2.9055857453386125e-07,0.28003546595573425,0.42634814977645874,-0.014482122845947742,0.34686902165412903,0.3939732313156128,-0.022516170516610146,0.3659878075122833,0.3486688733100891,-0.032048650085926056,0.360268235206604,0.30378660559654236,-0.0380365327000618,0.3674185276031494,0.28709277510643005,-0.011926408857107162,0.41177284717559814,0.24531705677509308,-0.044587571173906326,0.3885675370693207,0.3000020384788513,-0.06094350293278694,0.36286497116088867,0.3361207842826843,-0.06593992561101913,0.32848724722862244,0.25439104437828064,-0.018050886690616608,0.37095752358436584,0.21360552310943604,-0.051036495715379715,0.3433229923248291,0.2927585244178772,-0.05773162469267845,0.3208029270172119,0.33137887716293335,-0.05446651577949524,0.283935010433197,0.23017063736915588,-0.028185924515128136,0.32574382424354553,0.18492864072322845,-0.06298094242811203,0.30565232038497925,0.2710628807544708,-0.05472501739859581,0.2861054241657257,0.3133203983306885,-0.040038615465164185,0.23112604022026062,0.2153063416481018,-0.038938969373703,0.2662554979324341,0.1923055350780487,-0.06340301781892776,0.2623753845691681,0.25657302141189575,-0.053831085562705994,0.25275203585624695,0.2905937433242798,-0.040101680904626846
thank_you,0.21588756144046783,0.4219127893447876,-2.7715520900528645e-07,0.2818772494792938,0.4287106394767761,-0.017531024292111397,0.35027509927749634,0.39527997374534607,-0.02640409581363201,0.36930567026138306,0.34672844409942627,-0.03612861782312393,0.3655775785446167,0.3000829815864563,-0.04182387888431549,0.37032055854797363,0.2857624292373657,-0.013464812189340591,0.41422101855278015,0.24445435404777527,-0.04689076542854309,0.3912595808506012,0.29953640699386597,-0.06295391917228699,0.36650997400283813,0.33531180024147034,-0.0675993412733078,0.3313654959201813,0.2524581551551819,-0.018299175426363945,0.3738963007926941,0.21438488364219666,-0.05298062041401863,0.34629204869270325,0.2952602207660675,-0.059638433158397675,0.32471638917922974,0.3340449035167694,-0.055621203035116196,0.2867947518825531,0.22804266214370728,-0.027524270117282867,0.3276804983615875,0.1862354576587677,-0.06460826098918915,0.30750608444213867,0.27486345171928406,-0.05646831914782524,0.28897467255592346,0.3177865147590637,-0.041037850081920624,0.23369336128234863,0.21344485878944397,-0.037546951323747635,0.26851746439933777,0.19458839297294617,-0.0640653595328331,0.2649611234664917,0.26133179664611816,-0.05513555184006691,0.25633713603019714,0.29603856801986694,-0.04114477336406708
thank_you,0.2186385691165924,0.4235765337944031,-2.740989373251068e-07,0.2841044068336487,0.42835119366645813,-0.016131380572915077,0.35094153881073,0.3972068428993225,-0.025366974994540215,0.37087148427963257,0.3533172607421875,-0.03599205240607262,0.3652671277523041,0.30809706449508667,-0.04297250509262085,0.37194299697875977,0.28590288758277893,-0.012504675425589085,0.4161220192909241,0.2434549331665039,-0.04643537849187851,0.3942527770996094,0.29773417115211487,-0.06376800686120987,0.368862509727478,0.3350486755371094,-0.06914401054382324,0.33281078934669495,0.2534473240375519,-0.018153460696339607,0.37428000569343567,0.21406184136867523,-0.05241173505783081,0.3477669954299927,0.2950121760368347,-0.059607770293951035,0.32633641362190247,0.3354695439338684,-0.05632401257753372,0.2877398133277893,0.22968950867652893,-0.02813566103577614,0.32827144861221313,0.1866954267024994,-0.06413452327251434,0.308746337890625,0.27403679490089417,-0.05617988482117653,0.29008322954177856,0.3172703683376312,-0.041295189410448074,0.2343173772096634,0.21585051715373993,-0.03889031335711479,0.2686769366264343,0.19424036145210266,-0.06389369815587997,0.2657030522823334,0.2592201828956604,-0.05450185015797615,0.2572798728942871,0.2937326431274414,-0.04062257334589958
thank_you,0.22115571796894073,0.4278092384338379,-2.8868140589111135e-07,0.2864997088909149,0.43196654319763184,-0.016074905171990395,0.3548198342323303,0.39752647280693054,-0.02476443164050579,0.37404054403305054,0.3496788740158081,-0.03474665805697441,0.3680839538574219,0.3027898669242859,-0.040885452181100845,0.37383925914764404,0.2868199348449707,-0.012532276101410389,0.4183204174041748,0.24308066070079803,-0.0463198646903038,0.39609140157699585,0.29956796765327454,-0.06277771294116974,0.37165218591690063,0.33686378598213196,-0.06754050403833389,0.33421608805656433,0.25488927960395813,-0.018152346834540367,0.3763695955276489,0.21601419150829315,-0.05224328860640526,0.349666953086853,0.29778221249580383,-0.05876224488019943,0.32893824577331543,0.3359959125518799,-0.055036529898643494,0.28892549872398376,0.2317545861005783,-0.02809939719736576,0.32985639572143555,0.18833139538764954,-0.06461814790964127,0.3101721704006195,0.2772977352142334,-0.056052982807159424,0.2919560968875885,0.3195880055427551,-0.04065602645277977,0.2352616786956787,0.21822589635849,-0.038726117461919785,0.2702532708644867,0.19688120484352112,-0.06425037235021591,0.2670586407184601,0.2633560299873352,-0.054453372955322266,0.25851884484291077,0.2973838150501251,-0.04013128578662872
thank_you,0.22390301525592804,0.4305020570755005,-2.9220871056168107e-07,0.28960347175598145,0.4352846145629883,-0.016937317326664925,0.3583366274833679,0.4035300314426422,-0.026579836383461952,0.37643277645111084,0.35505208373069763,-0.03735525906085968,0.36741024255752563,0.30914628505706787,-0.0442722886800766,0.3764825761318207,0.28844159841537476,-0.014153175987303257,0.420116126537323,0.24415209889411926,-0.04817397519946098,0.39830830693244934,0.3008696138858795,-0.0646841749548912,0.3739323019981384,0.33982783555984497,-0.06956033408641815,0.336317777633667,0.25694820284843445,-0.019679386168718338,0.3771207928657532,0.21805843710899353,-0.05447840318083763,0.3514842092990875,0.30004647374153137,-0.06142675131559372,0.33123108744621277,0.3398999571800232,-0.0579976961016655,0.29076483845710754,0.23447757959365845,-0.02948530949652195,0.3302854299545288,0.19126304984092712,-0.06628727912902832,0.3119400441646576,0.2801321744918823,-0.05820963904261589,0.29470497369766235,0.32362061738967896,-0.04323934018611908,0.23685936629772186,0.22207555174827576,-0.04007837921380997,0.2710256278514862,0.20138534903526306,-0.06587962806224823,0.26865139603614807,0.2680118680000305,-0.05670349672436714,0.2611045241355896,0.30253538489341736,-0.04294445365667343
thank_you,0.2360561490058899,0.44805848598480225,-2.8949347097295686e-07,0.3031967282295227,0.4473896622657776,-0.0151450140401721,0.3691086173057556,0.4104541540145874,-0.024135880172252655,0.38348647952079773,0.36021387577056885,-0.034484829753637314,0.3733673691749573,0.3171255886554718,-0.04132504388689995,0.382993221282959,0.29836004972457886,-0.01348288543522358,0.42150014638900757,0.25088226795196533,-0.04660489782691002,0.40282106399536133,0.3068484663963318,-0.06348405033349991,0.3809936046600342,0.3474883437156677,-0.06906027346849442,0.34138232469558716,0.26890280842781067,-0.019957151263952255,0.3804489076137543,0.22598034143447876,-0.05414498224854469,0.35744374990463257,0.3091636300086975,-0.06123162806034088,0.3376436233520508,0.35070130228996277,-0.058105528354644775,0.29566490650177,0.24921900033950806,-0.030396321788430214,0.3314594030380249,0.20262731611728668,-0.06549637019634247,0.31581783294677734,0.29092666506767273,-0.05705786496400833,0.29973769187927246,0.33360496163368225,-0.04237794503569603,0.2421550452709198,0.2396557629108429,-0.04162251576781273,0.2732236385345459,0.2135421335697174,-0.06535584479570389,0.272254079580307,0.2783951759338379,-0.055267997086048126,0.2653956413269043,0.3119043707847595,-0.04152873903512955
thank_you,0.23892182111740112,0.4499685764312744,-2.777545375920454e-07,0.30534324049949646,0.4475744664669037,-0.018749723210930824,0.37062713503837585,0.40626946091651917,-0.028915971517562866,0.38203710317611694,0.3515644967556,-0.039513807743787766,0.37124764919281006,0.30419158935546875,-0.04589734971523285,0.38288477063179016,0.2961452603340149,-0.0155664486810565,0.42106539011001587,0.2480965554714203,-0.04993852227926254,0.4015296399593353,0.3096120357513428,-0.06554315239191055,0.3796771168708801,0.3491678237915039,-0.06968525052070618,0.34116101264953613,0.2678256034851074,-0.020354175940155983,0.3796742856502533,0.22415857017040253,-0.05608005076646805,0.3569842576980591,0.31146812438964844,-0.061996739357709885,0.33794909715652466,0.3510533571243286,-0.057216621935367584,0.294703871011734,0.24919471144676208,-0.029678521677851677,0.33161991834640503,0.20437653362751007,-0.06805729866027832,0.31615597009658813,0.295987606048584,-0.05910871922969818,0.3001507520675659,0.33685410022735596,-0.04290676489472389,0.24028107523918152,0.24086889624595642,-0.03977546840906143,0.27336007356643677,0.21855106949806213,-0.06637763231992722,0.27298587560653687,0.2855798602104187,-0.05657477676868439,0.26591944694519043,0.3168330192565918,-0.04210653528571129
thank_you,0.23939096927642822,0.45174235105514526,-2.972293771108525e-07,0.30536583065986633,0.4483376145362854,-0.018979905173182487,0.37103018164634705,0.4091199040412903,-0.029330862686038017,0.38342946767807007,0.3557547926902771,-0.04005911201238632,0.3734996020793915,0.3082725405693054,-0.046636439859867096,0.38277605175971985,0.29848116636276245,-0.01617448218166828,0.4217136800289154,0.2503160238265991,-0.05076953023672104,0.40167465806007385,0.3096594214439392,-0.06635481119155884,0.3791287839412689,0.3493940532207489,-0.0704386830329895,0.34084826707839966,0.27002614736557007,-0.020831860601902008,0.3792720437049866,0.2253948152065277,-0.05724690854549408,0.3557049632072449,0.31231603026390076,-0.06331693381071091,0.3366483151912689,0.35303062200546265,-0.05840104818344116,0.2942409813404083,0.2511211335659027,-0.02997429668903351,0.330595463514328,0.2050032913684845,-0.06888154149055481,0.31472283601760864,0.29609739780426025,-0.060006558895111084,0.2988907992839813,0.3378171920776367,-0.043682947754859924,0.23949795961380005,0.24270384013652802,-0.039868343621492386,0.27179884910583496,0.21929660439491272,-0.06695867329835892,0.2718614935874939,0.286548912525177,-0.05731283873319626,0.26565641164779663,0.3188454806804657,-0.04278476908802986
thank_you,0.24021777510643005,0.45386430621147156,-2.9834305337317346e-07,0.3062158226966858,0.4501917362213135,-0.019494350999593735,0.37226802110671997,0.40830832719802856,-0.029843825846910477,0.38368722796440125,0.35242077708244324,-0.04033977538347244,0.3729998469352722,0.3052707016468048,-0.04651465266942978,0.38205549120903015,0.2974211573600769,-0.016901303082704544,0.4191643297672272,0.24746841192245483,-0.051449526101350784,0.3998672068119049,0.30963215231895447,-0.06640950590372086,0.3782989978790283,0.3497801125049591,-0.06998317688703537,0.33967074751853943,0.2699749171733856,-0.02126275934278965,0.37702614068984985,0.22477424144744873,-0.057470839470624924,0.3545987904071808,0.31364405155181885,-0.06289774179458618,0.3360174298286438,0.3530641794204712,-0.05758599936962128,0.2929733395576477,0.25239527225494385,-0.03014775738120079,0.328395813703537,0.2056240737438202,-0.06914494186639786,0.31355494260787964,0.2982122302055359,-0.059719983488321304,0.2980111241340637,0.3388628363609314,-0.04300971329212189,0.2383727729320526,0.24513739347457886,-0.039790600538253784,0.27041834592819214,0.2197636365890503,-0.06674344837665558,0.27074161171913147,0.2876302897930145,-0.056607525795698166,0.2640843987464905,0.3194735646247864,-0.04175972938537598
thank_you,0.23924961686134338,0.45585691928863525,-3.0653816907033615e-07,0.305819571018219,0.4516696333885193,-0.018778694793581963,0.3714083731174469,0.40998128056526184,-0.028840409591794014,0.3825837969779968,0.35577964782714844,-0.039224814623594284,0.3686521351337433,0.31071221828460693,-0.04551129788160324,0.3814968168735504,0.29713696241378784,-0.01479338575154543,0.41707444190979004,0.24819548428058624,-0.04876840114593506,0.3978184461593628,0.3110186457633972,-0.06438251584768295,0.37732458114624023,0.35062605142593384,-0.06879760324954987,0.3387736976146698,0.26966017484664917,-0.019526341930031776,0.3753068149089813,0.22385291755199432,-0.05503442510962486,0.35358989238739014,0.31301063299179077,-0.06086665391921997,0.33545204997062683,0.3531550168991089,-0.05594215169548988,0.29186877608299255,0.2525199353694916,-0.028734741732478142,0.3262779414653778,0.20638443529605865,-0.06679344922304153,0.3122231960296631,0.2989349961280823,-0.05750289559364319,0.2973218262195587,0.3398986756801605,-0.04103044420480728,0.23733870685100555,0.24615409970283508,-0.038715943694114685,0.2684074342250824,0.22038519382476807,-0.06471601873636246,0.2689789831638336,0.2878319323062897,-0.05420408397912979,0.26273488998413086,0.3195975124835968,-0.03922828659415245
thank_you,0.23575672507286072,0.4596443772315979,-2.9633940812345827e-07,0.30301737785339355,0.45480793714523315,-0.017337311059236526,0.3680274486541748,0.41530996561050415,-0.027281178161501884,0.37763309478759766,0.3616076409816742,-0.037964098155498505,0.36212295293807983,0.3152778446674347,-0.045124273747205734,0.3755980134010315,0.30012866854667664,-0.013139884918928146,0.4128825068473816,0.25437071919441223,-0.04612477496266365,0.3963799476623535,0.313345342874527,-0.06249955669045448,0.37520283460617065,0.3533813953399658,-0.06784440577030182,0.3327554762363434,0.2720485329627991,-0.018585914745926857,0.3701198101043701,0.22980093955993652,-0.05339120700955391,0.34957531094551086,0.3173840343952179,-0.060896504670381546,0.32954642176628113,0.3583866357803345,-0.0576849989593029,0.2859179973602295,0.25512951612472534,-0.028198687359690666,0.32027870416641235,0.2105993926525116,-0.06497268378734589,0.3068472445011139,0.3009292483329773,-0.05680396407842636,0.29017746448516846,0.34098103642463684,-0.0418095663189888,0.2311585247516632,0.2498384416103363,-0.038510117679834366,0.2634020745754242,0.22523239254951477,-0.06369960308074951,0.26420843601226807,0.29167187213897705,-0.05330575257539749,0.2568213641643524,0.3226669132709503,-0.03893069922924042
thank_you,0.23342156410217285,0.4621501564979553,-3.1581933512825344e-07,0.3016010522842407,0.45786380767822266,-0.01962844654917717,0.3664999008178711,0.4157441556453705,-0.029537007212638855,0.37462592124938965,0.3606860041618347,-0.03943571075797081,0.3636443614959717,0.3134000897407532,-0.045029692351818085,0.37377703189849854,0.3035041093826294,-0.01456520240753889,0.40999358892440796,0.2589888572692871,-0.04842109605669975,0.39111918210983276,0.31999728083610535,-0.06339956074953079,0.3692224621772766,0.35840076208114624,-0.06733286380767822,0.3307941257953644,0.27539345622062683,-0.018781544640660286,0.36740338802337646,0.2330014705657959,-0.05501359701156616,0.3449055254459381,0.32304251194000244,-0.06111322343349457,0.32562175393104553,0.3623671233654022,-0.056035060435533524,0.2839972674846649,0.25815674662590027,-0.02757525071501732,0.3173735737800598,0.21503597497940063,-0.06683289259672165,0.3028552830219269,0.30758917331695557,-0.0577370710670948,0.28714361786842346,0.3461512327194214,-0.041101716458797455,0.22943758964538574,0.25256115198135376,-0.03706900030374527,0.2602959871292114,0.22882714867591858,-0.06417038291692734,0.2607528567314148,0.29757946729660034,-0.05365291237831116,0.25420448184013367,0.32826176285743713,-0.03842850774526596
thank_you,0.23140087723731995,0.4638289213180542,-2.95515206971686e-07,0.2998260259628296,0.46061936020851135,-0.02105019986629486,0.36565858125686646,0.41515982151031494,-0.031059885397553444,0.37388622760772705,0.35624223947525024,-0.04089251160621643,0.3633427917957306,0.30789533257484436,-0.046307917684316635,0.3724912405014038,0.3050375282764435,-0.014080849476158619,0.4085977077484131,0.25974738597869873,-0.04846814647316933,0.39011314511299133,0.3203675448894501,-0.06381900608539581,0.3684115409851074,0.3602709472179413,-0.06772252172231674,0.32981783151626587,0.2773619592189789,-0.01751585304737091,0.36553460359573364,0.23459869623184204,-0.054528605192899704,0.34384167194366455,0.32363584637641907,-0.0609762966632843,0.32531821727752686,0.3642822802066803,-0.05581076815724373,0.2831457555294037,0.2600467801094055,-0.025871839374303818,0.31636691093444824,0.21622253954410553,-0.06599003821611404,0.30239570140838623,0.3084532916545868,-0.0574561282992363,0.2869868278503418,0.3488437831401825,-0.040825631469488144,0.22879011929035187,0.2536763548851013,-0.035076502710580826,0.260115385055542,0.23005613684654236,-0.06298038363456726,0.2603098154067993,0.29850050806999207,-0.05328642204403877,0.2533114552497864,0.329817533493042,-0.03840644657611847
thank_you,0.22937530279159546,0.46453261375427246,-2.881056957448891e-07,0.2994285523891449,0.4605688452720642,-0.021748248487710953,0.36528682708740234,0.41454097628593445,-0.03274233639240265,0.3717573583126068,0.3550128638744354,-0.04352642223238945,0.3575230836868286,0.3084733188152313,-0.04988616332411766,0.37195655703544617,0.304606556892395,-0.015089904889464378,0.4072091579437256,0.2601240873336792,-0.04986356571316719,0.38762789964675903,0.32265183329582214,-0.06539353728294373,0.36560049653053284,0.36306074261665344,-0.06946691125631332,0.328718900680542,0.2769538164138794,-0.018571317195892334,0.36412665247917175,0.23453114926815033,-0.056007206439971924,0.34247520565986633,0.3245130181312561,-0.06250690668821335,0.32383957505226135,0.36529573798179626,-0.05736032500863075,0.28175315260887146,0.25983357429504395,-0.027013495564460754,0.31497591733932495,0.21538111567497253,-0.06720886379480362,0.3011198043823242,0.30889520049095154,-0.05839031934738159,0.2855549156665802,0.34998321533203125,-0.04159892350435257,0.22728987038135529,0.25368720293045044,-0.03640717640519142,0.2586149275302887,0.22916580736637115,-0.06412294507026672,0.25867927074432373,0.29832449555397034,-0.05415721982717514,0.2515017092227936,0.3302978277206421,-0.039175987243652344
thank_you,0.2284063696861267,0.4646841883659363,-2.878241218695621e-07,0.2976296842098236,0.4616931676864624,-0.021141571924090385,0.36329513788223267,0.41595035791397095,-0.0317944698035717,0.37031203508377075,0.3568536043167114,-0.04232114925980568,0.35719195008277893,0.31021398305892944,-0.048466771841049194,0.3707464933395386,0.30456432700157166,-0.01448568981140852,0.4055728316307068,0.2596636116504669,-0.04893466830253601,0.38661321997642517,0.32198694348335266,-0.06456388533115387,0.3649597764015198,0.362620085477829,-0.06879312545061111,0.3272974491119385,0.27711066603660583,-0.018157165497541428,0.3631311058998108,0.234233558177948,-0.05477578192949295,0.34189683198928833,0.3240824341773987,-0.06113215535879135,0.3231998085975647,0.36483877897262573,-0.056151580065488815,0.28015458583831787,0.26042309403419495,-0.02672315202653408,0.31357792019844055,0.2159922569990158,-0.06612379103899002,0.2997772693634033,0.30910107493400574,-0.05712483078241348,0.2839727997779846,0.3495838940143585,-0.04050372540950775,0.22567778825759888,0.254903644323349,-0.03622624650597572,0.2571485638618469,0.23020033538341522,-0.06333726644515991,0.2572009861469269,0.2988685369491577,-0.05309754237532616,0.24974149465560913,0.33013588190078735,-0.03811931237578392
thank_you,0.22835057973861694,0.4642943739891052,-2.903264260112337e-07,0.29768991470336914,0.46107929944992065,-0.021253598853945732,0.3630426824092865,0.41494572162628174,-0.03157103806734085,0.3722909688949585,0.3565405011177063,-0.04173503443598747,0.36554837226867676,0.30918484926223755,-0.04738658666610718,0.37072867155075073,0.3059350848197937,-0.014634214341640472,0.4060734510421753,0.25985121726989746,-0.049565501511096954,0.3880000710487366,0.3207480013370514,-0.06521019339561462,0.36613965034484863,0.361660897731781,-0.0692264586687088,0.32766324281692505,0.2783433794975281,-0.018119653686881065,0.36338499188423157,0.23442980647087097,-0.055361535400152206,0.3419699966907501,0.3242376744747162,-0.06160825118422508,0.3233398199081421,0.3652859330177307,-0.05632750317454338,0.280686616897583,0.26134830713272095,-0.026605982333421707,0.31438320875167847,0.21657246351242065,-0.06696851551532745,0.3004251718521118,0.30939745903015137,-0.057907894253730774,0.28456440567970276,0.3497045636177063,-0.04092841222882271,0.22602075338363647,0.2553737759590149,-0.03600488603115082,0.25762298703193665,0.2305888831615448,-0.06408920884132385,0.25766250491142273,0.2989497780799866,-0.054056715220212936,0.2502676546573639,0.33003970980644226,-0.038951657712459564
thank_you,0.22685325145721436,0.46536529064178467,-3.011791136486863e-07,0.2965843677520752,0.46205228567123413,-0.021220127120614052,0.36220675706863403,0.41855180263519287,-0.03170643001794815,0.37084290385246277,0.3606199026107788,-0.04204607382416725,0.3621845841407776,0.31246528029441833,-0.04778227582573891,0.3695980906486511,0.30700719356536865,-0.015024821273982525,0.40559956431388855,0.2615407705307007,-0.04986828193068504,0.38587266206741333,0.32411879301071167,-0.06506939977407455,0.36337459087371826,0.36369091272354126,-0.06877310574054718,0.32643356919288635,0.2789044976234436,-0.018629932776093483,0.3626914620399475,0.23573097586631775,-0.055819276720285416,0.3400178551673889,0.32612040638923645,-0.061888936907052994,0.32096460461616516,0.36529800295829773,-0.05645512416958809,0.2794811725616455,0.2613511085510254,-0.027140332385897636,0.3133738934993744,0.21796643733978271,-0.06740663945674896,0.2978895902633667,0.3115927278995514,-0.05785968154668808,0.28141170740127563,0.3506234884262085,-0.04049450531601906,0.22461771965026855,0.254875123500824,-0.03653290122747421,0.2562072277069092,0.2302161157131195,-0.0641375333070755,0.255781888961792,0.29916247725486755,-0.05348077788949013,0.24836520850658417,0.32989364862442017,-0.03789031133055687
thank_you,0.22511178255081177,0.46718984842300415,-2.8691874831565656e-07,0.29493826627731323,0.46293190121650696,-0.02138722501695156,0.36004289984703064,0.42031002044677734,-0.03235550597310066,0.36762750148773193,0.3618740141391754,-0.0431358702480793,0.3575698733329773,0.31252574920654297,-0.049576546996831894,0.3668432831764221,0.308575838804245,-0.014617393724620342,0.4032248258590698,0.2652492821216583,-0.049336470663547516,0.3850143551826477,0.32450151443481445,-0.06521251797676086,0.3624109923839569,0.36330774426460266,-0.06956350803375244,0.32448455691337585,0.2800591289997101,-0.018249982967972755,0.3616708815097809,0.23821675777435303,-0.05518675222992897,0.3393377959728241,0.3278096914291382,-0.061852239072322845,0.31953150033950806,0.3677087426185608,-0.05694222077727318,0.2780555784702301,0.2624771296977997,-0.026775870472192764,0.3117018938064575,0.22016537189483643,-0.06666220724582672,0.2968871295452118,0.31286370754241943,-0.05750422552227974,0.28030210733413696,0.35181817412376404,-0.04060717299580574,0.22331789135932922,0.25620850920677185,-0.0362163744866848,0.25455641746520996,0.2323751300573349,-0.06350826472043991,0.2544684112071991,0.30071163177490234,-0.05281620845198631,0.24703092873096466,0.33086490631103516,-0.03739091753959656
thank_you,0.21839424967765808,0.4678202271461487,-2.7263243396191683e-07,0.28672367334365845,0.46027857065200806,-0.020074274390935898,0.3503599762916565,0.4174908995628357,-0.030704030767083168,0.36034733057022095,0.3650605380535126,-0.04163328930735588,0.35206496715545654,0.3174365162849426,-0.04838285595178604,0.36029452085494995,0.3021494150161743,-0.011586134321987629,0.39549848437309265,0.26590636372566223,-0.046695686876773834,0.3768594264984131,0.32545289397239685,-0.06472170352935791,0.3531254827976227,0.36408743262290955,-0.07070983946323395,0.3167807459831238,0.2733250558376312,-0.016073735430836678,0.3523642420768738,0.23636102676391602,-0.05317060276865959,0.33140459656715393,0.3253808319568634,-0.06147687882184982,0.31069040298461914,0.3669340908527374,-0.05790692940354347,0.2689366936683655,0.2574034631252289,-0.025564298033714294,0.30039507150650024,0.2161438763141632,-0.06511710584163666,0.2878795266151428,0.30810245871543884,-0.05786344036459923,0.2714647352695465,0.3491556644439697,-0.04241568595170975,0.21326078474521637,0.254705548286438,-0.03595881909132004,0.24268877506256104,0.2313661277294159,-0.06387212872505188,0.24517638981342316,0.29894399642944336,-0.054893262684345245,0.23992474377155304,0.3311622142791748,-0.04058936983346939
thank_you,0.21877668797969818,0.4637197256088257,-2.756853518803837e-07,0.285802960395813,0.46023738384246826,-0.020839262753725052,0.35024482011795044,0.4175679683685303,-0.03196387365460396,0.35960665345191956,0.3660961091518402,-0.042843837291002274,0.34631767868995667,0.3211399018764496,-0.049196913838386536,0.3581031560897827,0.3009513020515442,-0.016326621174812317,0.39506620168685913,0.258854478597641,-0.05209936574101448,0.37593135237693787,0.32120537757873535,-0.0685134008526802,0.3533197045326233,0.36005398631095886,-0.07317847013473511,0.31463193893432617,0.274844229221344,-0.0205598883330822,0.35065215826034546,0.234867125749588,-0.05888183414936066,0.3289480209350586,0.32484686374664307,-0.06576642394065857,0.30977511405944824,0.3630847632884979,-0.06099352240562439,0.26707723736763,0.25862231850624084,-0.02956317737698555,0.3001582622528076,0.21607846021652222,-0.06994073837995529,0.2868425250053406,0.30909761786460876,-0.06037002056837082,0.27131161093711853,0.3470626771450043,-0.04328406602144241,0.21194203197956085,0.25323954224586487,-0.03947325795888901,0.24294672906398773,0.23077085614204407,-0.06689371168613434,0.2431110143661499,0.29979828000068665,-0.0558040477335453,0.23604720830917358,0.32964882254600525,-0.04011533409357071
thank_you,0.21357691287994385,0.4619687795639038,-2.854932859008841e-07,0.28126299381256104,0.45805832743644714,-0.021638628095388412,0.3479207158088684,0.41427063941955566,-0.03310556709766388,0.3587712049484253,0.3601531982421875,-0.044414181262254715,0.3432437777519226,0.31521689891815186,-0.05144863575696945,0.35583019256591797,0.29796165227890015,-0.01584947481751442,0.39120304584503174,0.25362324714660645,-0.051915816962718964,0.3726727366447449,0.3165929317474365,-0.06890028715133667,0.3499743342399597,0.357168048620224,-0.07374181598424911,0.3113933205604553,0.2708175778388977,-0.019670631736516953,0.3467446565628052,0.2289247214794159,-0.058404892683029175,0.3260914385318756,0.3201569616794586,-0.06605581194162369,0.3065864145755768,0.3613196611404419,-0.061419982463121414,0.26340699195861816,0.25477486848831177,-0.028364885598421097,0.2949320673942566,0.21111831068992615,-0.069025918841362,0.28307804465293884,0.3056335151195526,-0.06086406856775284,0.2680744528770447,0.3475823402404785,-0.0443427674472332,0.20835044980049133,0.25012749433517456,-0.03802136704325676,0.23837777972221375,0.22505277395248413,-0.06626246124505997,0.24156984686851501,0.29535090923309326,-0.05665285140275955,0.23683397471904755,0.3294847011566162,-0.041630007326602936
thank_you,0.2124452292919159,0.46312594413757324,-2.947301709355088e-07,0.2815852165222168,0.45908311009407043,-0.02194257825613022,0.3483017086982727,0.414643794298172,-0.033274926245212555,0.35621729493141174,0.3580166697502136,-0.04434666782617569,0.34134942293167114,0.312153697013855,-0.05083099380135536,0.3553590178489685,0.3003605008125305,-0.01591518707573414,0.3907502591609955,0.2543071210384369,-0.05157458409667015,0.3716760277748108,0.3167847990989685,-0.06773338466882706,0.3493761122226715,0.35703644156455994,-0.07210162281990051,0.31115496158599854,0.2733469009399414,-0.019395163282752037,0.34598249197006226,0.23091605305671692,-0.057449821382761,0.3243682086467743,0.32217952609062195,-0.06434042751789093,0.3061913251876831,0.36145514249801636,-0.05947556346654892,0.2634357511997223,0.2565062642097473,-0.027814416214823723,0.2963716685771942,0.21099206805229187,-0.06842005997896194,0.2829020321369171,0.30534276366233826,-0.05945202335715294,0.2678743600845337,0.3452519476413727,-0.042597196996212006,0.20834356546401978,0.2505752444267273,-0.03719466179609299,0.2398194968700409,0.22671595215797424,-0.06513836234807968,0.24085964262485504,0.29642343521118164,-0.05493328347802162,0.23482859134674072,0.327614963054657,-0.03970382735133171
thank_you,0.2128397822380066,0.46846169233322144,-3.265552948050754e-07,0.28160539269447327,0.4626772105693817,-0.019288815557956696,0.3479880690574646,0.41582760214805603,-0.02853510156273842,0.35529473423957825,0.3582416772842407,-0.037870075553655624,0.34088075160980225,0.3119446337223053,-0.0427909679710865,0.3544478118419647,0.3050900101661682,-0.012998427264392376,0.390570729970932,0.25937241315841675,-0.04607550427317619,0.3709147870540619,0.3228225111961365,-0.06090215593576431,0.34960073232650757,0.3612208366394043,-0.0650535374879837,0.3106410801410675,0.277868390083313,-0.01723717525601387,0.34653908014297485,0.23518036305904388,-0.05213504657149315,0.3241020739078522,0.32562026381492615,-0.058017797768116,0.30621230602264404,0.36258262395858765,-0.05327301844954491,0.26340991258621216,0.2613160312175751,-0.026063669472932816,0.296066015958786,0.21688801050186157,-0.0642411932349205,0.28241220116615295,0.31004929542541504,-0.055007971823215485,0.2682047486305237,0.34771355986595154,-0.03874807804822922,0.20874843001365662,0.25581657886505127,-0.03562367334961891,0.23900073766708374,0.23120683431625366,-0.0618482269346714,0.24014760553836823,0.3005828857421875,-0.05103221908211708,0.2347927689552307,0.3315744400024414,-0.03593052551150322
thank_you,0.21263517439365387,0.47211581468582153,-3.198027798134717e-07,0.28224503993988037,0.46820729970932007,-0.020757388323545456,0.34937602281570435,0.4217986464500427,-0.030279001221060753,0.35814157128334045,0.3646334111690521,-0.039532799273729324,0.34558525681495667,0.3179442286491394,-0.04411180689930916,0.3543716073036194,0.31127187609672546,-0.014944344758987427,0.3908868432044983,0.2637488543987274,-0.04960540682077408,0.37058931589126587,0.3261847496032715,-0.06501338630914688,0.34858453273773193,0.36592578887939453,-0.0690283328294754,0.3107043504714966,0.2838898301124573,-0.01838526502251625,0.34688809514045715,0.23955664038658142,-0.05532511696219444,0.3240956664085388,0.32950395345687866,-0.0616297647356987,0.3062957525253296,0.36859607696533203,-0.056485045701265335,0.2636656165122986,0.2664455771446228,-0.02659914456307888,0.296493262052536,0.2207886427640915,-0.06601034849882126,0.2823755443096161,0.3136233985424042,-0.05691187083721161,0.2684153616428375,0.35306522250175476,-0.04020087048411369,0.2094072699546814,0.2595682740211487,-0.035710714757442474,0.23938748240470886,0.23622380197048187,-0.06276831030845642,0.24014142155647278,0.305399626493454,-0.05255445837974548,0.23509426414966583,0.33656615018844604,-0.03751610592007637
thank_you,0.21548812091350555,0.47179436683654785,-2.691022018552758e-07,0.28440794348716736,0.46639513969421387,-0.021116476505994797,0.3497219681739807,0.4182776212692261,-0.03192112594842911,0.35492295026779175,0.36052703857421875,-0.042550090700387955,0.3370431363582611,0.3155692517757416,-0.04881113022565842,0.3552263081073761,0.30685916543006897,-0.014743972569704056,0.3913119435310364,0.26187336444854736,-0.049839410930871964,0.3725310266017914,0.32500195503234863,-0.06629204750061035,0.35023045539855957,0.36653992533683777,-0.070994071662426,0.3115897476673126,0.2800600826740265,-0.018640559166669846,0.3474918007850647,0.23651011288166046,-0.055647555738687515,0.32678842544555664,0.32600364089012146,-0.06258053332567215,0.30817466974258423,0.3669281601905823,-0.05794912204146385,0.2640373110771179,0.26384398341178894,-0.02742006443440914,0.2969666123390198,0.2197391837835312,-0.0668170228600502,0.283910870552063,0.3128565847873688,-0.05822625383734703,0.2689003050327301,0.3532443344593048,-0.0419037751853466,0.20929566025733948,0.2585749626159668,-0.03717542439699173,0.240065336227417,0.23558112978935242,-0.06407894939184189,0.24121306836605072,0.3050365149974823,-0.053807828575372696,0.2352505326271057,0.33667293190956116,-0.03889058157801628
thank_you,0.21521425247192383,0.47168755531311035,-2.9300795745257346e-07,0.2839195132255554,0.46710580587387085,-0.02152332477271557,0.3504357933998108,0.4220229387283325,-0.0323699451982975,0.35795554518699646,0.3662140965461731,-0.042952489107847214,0.34223687648773193,0.32059773802757263,-0.04901951178908348,0.35532334446907043,0.3089180886745453,-0.01602553017437458,0.39218881726264954,0.26137277483940125,-0.05218759924173355,0.37290704250335693,0.32380834221839905,-0.068848617374897,0.35054662823677063,0.3646845817565918,-0.0733850821852684,0.3114563524723053,0.28265467286109924,-0.019608860835433006,0.3470521569252014,0.23856177926063538,-0.05793381109833717,0.3255523443222046,0.3287111520767212,-0.06501813232898712,0.3073171079158783,0.36903640627861023,-0.060167454183101654,0.2639194130897522,0.26608288288116455,-0.02811836637556553,0.2970907390117645,0.22033414244651794,-0.06856030970811844,0.28374597430229187,0.313381552696228,-0.059673696756362915,0.2690353989601135,0.3535623550415039,-0.04280184209346771,0.20910826325416565,0.25989705324172974,-0.03759465366601944,0.24017828702926636,0.23597785830497742,-0.06504438072443008,0.24120621383190155,0.305468887090683,-0.05460428074002266,0.23523136973381042,0.3370579779148102,-0.039245232939720154
thank_you,0.21462778747081757,0.4730834364891052,-2.8784896244360425e-07,0.28372132778167725,0.4670851528644562,-0.021877922117710114,0.34970954060554504,0.4209412932395935,-0.03308771178126335,0.35458433628082275,0.36272257566452026,-0.04392681643366814,0.337382972240448,0.3162658214569092,-0.050375666469335556,0.35438576340675354,0.3055709898471832,-0.014941174536943436,0.3883790373802185,0.26187649369239807,-0.04944448173046112,0.3688608407974243,0.3260696530342102,-0.06567833572626114,0.3470425605773926,0.36652910709381104,-0.07047771662473679,0.3102168142795563,0.2778189480304718,-0.018441297113895416,0.3447134494781494,0.23441898822784424,-0.05511965602636337,0.32408997416496277,0.32594171166419983,-0.06205406039953232,0.30559301376342773,0.36737358570098877,-0.05733267590403557,0.26259762048721313,0.26172947883605957,-0.026762546971440315,0.29377996921539307,0.21819813549518585,-0.06607606261968613,0.2812099754810333,0.3130794167518616,-0.05757114291191101,0.26650816202163696,0.354359894990921,-0.04115964472293854,0.20785048604011536,0.25766342878341675,-0.03605610504746437,0.23743265867233276,0.23450711369514465,-0.0631726086139679,0.23948273062705994,0.3048669993877411,-0.05313301831483841,0.2341669499874115,0.33696579933166504,-0.03815218806266785
thank_you,0.21489828824996948,0.4723917841911316,-2.9223767228359065e-07,0.28282007575035095,0.46696969866752625,-0.021165721118450165,0.34850162267684937,0.4204111099243164,-0.03192691132426262,0.3537363111972809,0.3642849922180176,-0.04250829294323921,0.3351966440677643,0.32005858421325684,-0.04884298890829086,0.35391998291015625,0.3046281337738037,-0.014674789272248745,0.38745129108428955,0.2592981159687042,-0.0500829853117466,0.36820223927497864,0.32404956221580505,-0.06681840866804123,0.34725716710090637,0.36520153284072876,-0.07170310616493225,0.3089067041873932,0.277737021446228,-0.018571872264146805,0.3425520062446594,0.23420187830924988,-0.05614583194255829,0.322294145822525,0.32561352849006653,-0.0631633996963501,0.30460500717163086,0.3672862648963928,-0.05829339101910591,0.2604484260082245,0.26206591725349426,-0.02736535668373108,0.29122939705848694,0.21847811341285706,-0.0674455538392067,0.27944815158843994,0.31317979097366333,-0.05921841412782669,0.2657441794872284,0.3548111617565155,-0.04276752099394798,0.20519483089447021,0.25836628675460815,-0.03703004866838455,0.23420944809913635,0.23466424643993378,-0.06460312008857727,0.2371709942817688,0.30548998713493347,-0.054710883647203445,0.23308613896369934,0.33864450454711914,-0.03966205567121506
thank_you,0.21385087072849274,0.4710608124732971,-2.995805914451921e-07,0.28190556168556213,0.46424078941345215,-0.020486243069171906,0.34681761264801025,0.4174511730670929,-0.030919859185814857,0.3518281877040863,0.36193743348121643,-0.0413471944630146,0.3337067663669586,0.31919538974761963,-0.047510337084531784,0.3530367910861969,0.3025057017803192,-0.013788238167762756,0.3851757347583771,0.25711458921432495,-0.04847272112965584,0.365433007478714,0.3222089111804962,-0.06483321636915207,0.3453062176704407,0.36231324076652527,-0.06966318935155869,0.30776447057724,0.27612268924713135,-0.017804166302084923,0.3404637277126312,0.23317593336105347,-0.054737258702516556,0.320556640625,0.32464128732681274,-0.06133468449115753,0.3035401999950409,0.36625534296035767,-0.05628565326333046,0.259333997964859,0.26063239574432373,-0.026631152257323265,0.2891140282154083,0.21672841906547546,-0.06587519496679306,0.27781516313552856,0.31169480085372925,-0.057283759117126465,0.2647460997104645,0.35420382022857666,-0.04071260988712311,0.20415499806404114,0.2570640742778778,-0.03632766753435135,0.23234176635742188,0.23337161540985107,-0.06317733228206635,0.23622263967990875,0.3037886917591095,-0.053173355758190155,0.23317283391952515,0.33712038397789,-0.03808308765292168
thank_you,0.21324604749679565,0.4706321656703949,-2.926188358287618e-07,0.2801128923892975,0.4630580246448517,-0.02046234905719757,0.3450606167316437,0.4165886640548706,-0.031239155679941177,0.35076504945755005,0.3617844581604004,-0.041935861110687256,0.33172112703323364,0.3189724385738373,-0.048450980335474014,0.3505731225013733,0.3002385199069977,-0.01481436938047409,0.38418814539909363,0.25393423438072205,-0.04972315579652786,0.36519771814346313,0.3192567825317383,-0.06628350168466568,0.34471648931503296,0.35961979627609253,-0.07122033834457397,0.3054606318473816,0.27459314465522766,-0.018951456993818283,0.3398016691207886,0.23020493984222412,-0.05601637810468674,0.3199440836906433,0.3216971755027771,-0.06300419569015503,0.30195337533950806,0.3627927005290985,-0.05828339606523514,0.25704425573349,0.2596643269062042,-0.0277561042457819,0.287408709526062,0.21498361229896545,-0.06703107059001923,0.2763686180114746,0.30970025062561035,-0.058576371520757675,0.26289400458335876,0.35155826807022095,-0.042145829647779465,0.20187750458717346,0.25633952021598816,-0.037385690957307816,0.23035751283168793,0.23065954446792603,-0.06416463106870651,0.23444530367851257,0.3011021614074707,-0.053915172815322876,0.23100672662258148,0.3349471390247345,-0.03873857483267784
thank_you,0.2118501216173172,0.4718593955039978,-3.156028753892315e-07,0.2801353633403778,0.46442246437072754,-0.020468220114707947,0.3460008502006531,0.4157409965991974,-0.030480654910206795,0.35307854413986206,0.35884425044059753,-0.040430814027786255,0.3377908766269684,0.313057005405426,-0.04596420004963875,0.35044893622398376,0.30404752492904663,-0.014037780463695526,0.3857581317424774,0.25457173585891724,-0.04988812282681465,0.36687013506889343,0.31769731640815735,-0.0666918158531189,0.34529563784599304,0.35928067564964294,-0.07134976983070374,0.30563560128211975,0.2786557078361511,-0.017997415736317635,0.3401064872741699,0.23287786543369293,-0.05585743486881256,0.31944918632507324,0.324125200510025,-0.06275983899831772,0.3018234372138977,0.365147203207016,-0.0577390231192112,0.2574477791786194,0.26329413056373596,-0.026868797838687897,0.28928276896476746,0.21679411828517914,-0.06711668521165848,0.2765941917896271,0.3110033869743347,-0.057822197675704956,0.2624456286430359,0.35167139768600464,-0.040568169206380844,0.2022344172000885,0.2586241662502289,-0.036611542105674744,0.23284181952476501,0.2328425645828247,-0.0639631375670433,0.23463302850723267,0.30324453115463257,-0.05309181660413742,0.22929872572422028,0.3352721333503723,-0.03729638829827309
thank_you,0.20934081077575684,0.4709414839744568,-3.2416591011497076e-07,0.27868950366973877,0.4647841453552246,-0.01981530897319317,0.3445727825164795,0.41844671964645386,-0.029493985697627068,0.3520055115222931,0.3614169955253601,-0.039181217551231384,0.33713167905807495,0.3157655894756317,-0.044509407132864,0.3500194549560547,0.3075840175151825,-0.01382388360798359,0.38440051674842834,0.2588426470756531,-0.048008132725954056,0.36566221714019775,0.3209773600101471,-0.06371640413999557,0.3450901508331299,0.36114564538002014,-0.06825949996709824,0.3059002161026001,0.28122636675834656,-0.017944060266017914,0.3405231535434723,0.2359209656715393,-0.0544356107711792,0.31946343183517456,0.3258322477340698,-0.0609072744846344,0.30195337533950806,0.3655662536621094,-0.05607306584715843,0.2583947479724884,0.26547396183013916,-0.026726530864834785,0.29003262519836426,0.21904721856117249,-0.06566862761974335,0.27720150351524353,0.31130433082580566,-0.05655546858906746,0.263408362865448,0.35027197003364563,-0.04002697765827179,0.20385926961898804,0.26092034578323364,-0.03633274510502815,0.23388248682022095,0.23687005043029785,-0.06288813799619675,0.23525606095790863,0.30509620904922485,-0.05237284302711487,0.22992609441280365,0.3347856104373932,-0.037297435104846954
thank_you,0.21054595708847046,0.4722917973995209,-2.897932063206099e-07,0.28041592240333557,0.4667666554450989,-0.022447843104600906,0.34587496519088745,0.41850295662879944,-0.03346700221300125,0.35065871477127075,0.35776105523109436,-0.0439898781478405,0.3338758647441864,0.3117871582508087,-0.049890000373125076,0.3509621024131775,0.30619585514068604,-0.015404007397592068,0.3835628628730774,0.2597534656524658,-0.04996763914823532,0.36409467458724976,0.3241710960865021,-0.06578507274389267,0.34376060962677,0.36459168791770935,-0.07041268050670624,0.30617398023605347,0.2791588306427002,-0.018627231940627098,0.3395814001560211,0.23527228832244873,-0.0558483861386776,0.318880558013916,0.3256804645061493,-0.06263686716556549,0.3017398715019226,0.3653659224510193,-0.05776793882250786,0.2584327161312103,0.26356035470962524,-0.026780664920806885,0.28901174664497375,0.21991361677646637,-0.0667017251253128,0.27676498889923096,0.31325089931488037,-0.05833093449473381,0.2635200321674347,0.3527776300907135,-0.0420025959610939,0.20391646027565002,0.25965616106987,-0.03596081584692001,0.2327454537153244,0.23750486969947815,-0.06367682665586472,0.2350178360939026,0.30686020851135254,-0.05419526621699333,0.23090477287769318,0.3375619649887085,-0.0395934022963047
thank_you,0.2117997705936432,0.4724360704421997,-2.838699231233477e-07,0.280744731426239,0.46566224098205566,-0.02199624292552471,0.3460308313369751,0.41664987802505493,-0.03290686011314392,0.3501717448234558,0.35757267475128174,-0.04346425458788872,0.33260294795036316,0.31230661273002625,-0.04944266751408577,0.3505871593952179,0.30404701828956604,-0.014646647498011589,0.38348618149757385,0.2585996389389038,-0.0497550405561924,0.36411309242248535,0.3235650360584259,-0.0658351480960846,0.34348350763320923,0.36416733264923096,-0.07033495604991913,0.3055952787399292,0.2775647044181824,-0.0181171502918005,0.338698148727417,0.23449218273162842,-0.055698417127132416,0.31851351261138916,0.3254505693912506,-0.062520332634449,0.3016234338283539,0.365244060754776,-0.05750581622123718,0.2575080394744873,0.2621552646160126,-0.026585549116134644,0.2879966199398041,0.21924638748168945,-0.06702345609664917,0.27593669295310974,0.3140711486339569,-0.05849737301468849,0.26265087723731995,0.3543025553226471,-0.04179355502128601,0.20261216163635254,0.25824856758117676,-0.036002520471811295,0.23192790150642395,0.23598384857177734,-0.06383482366800308,0.23431064188480377,0.3067110478878021,-0.05390164628624916,0.23000583052635193,0.3383932113647461,-0.0387905016541481
thank_you,0.21177619695663452,0.4727715849876404,-2.9814114554937987e-07,0.2798275351524353,0.46623772382736206,-0.02177545055747032,0.3455911874771118,0.4200131297111511,-0.03262127563357353,0.3514877259731293,0.3636396527290344,-0.04307440668344498,0.3355046510696411,0.3181222975254059,-0.048972826451063156,0.35033416748046875,0.3060913681983948,-0.015336604788899422,0.38415151834487915,0.25912904739379883,-0.050866223871707916,0.36452195048332214,0.3222137689590454,-0.06728161126375198,0.3434688150882721,0.36237624287605286,-0.07194387912750244,0.3054618239402771,0.27996864914894104,-0.018841102719306946,0.3393403887748718,0.2354322075843811,-0.05673212185502052,0.318332314491272,0.32616376876831055,-0.06361422687768936,0.3013244867324829,0.3662489056587219,-0.05857657268643379,0.2574424743652344,0.26429980993270874,-0.027258042246103287,0.28818079829216003,0.21999895572662354,-0.0677630752325058,0.2755022644996643,0.3141990303993225,-0.05885782465338707,0.2622513771057129,0.3543206751346588,-0.04185320809483528,0.20249950885772705,0.2598637342453003,-0.03660698980093002,0.23200811445713043,0.2363644242286682,-0.06434380263090134,0.23403286933898926,0.3067410886287689,-0.05395699664950371,0.22973161935806274,0.3383398652076721,-0.038463953882455826
thank_you,0.20887422561645508,0.47300010919570923,-2.8021128173350007e-07,0.276535302400589,0.4617142677307129,-0.0193462036550045,0.33791324496269226,0.41351616382598877,-0.029683871194720268,0.3437901735305786,0.359850138425827,-0.04033283516764641,0.3307052254676819,0.3147501051425934,-0.0469408817589283,0.3425193130970001,0.30295228958129883,-0.013722456060349941,0.3743964433670044,0.2570347785949707,-0.04755450040102005,0.35743874311447144,0.32106664776802063,-0.06419196724891663,0.3374875485897064,0.36302775144577026,-0.0694044902920723,0.29770195484161377,0.27701377868652344,-0.01816473715007305,0.3314841389656067,0.2301178276538849,-0.05369425565004349,0.3144562840461731,0.319419801235199,-0.06066073477268219,0.2968520522117615,0.3641089200973511,-0.05639522895216942,0.2496856153011322,0.26313844323158264,-0.027234116569161415,0.278441458940506,0.21657344698905945,-0.06438054144382477,0.2709208130836487,0.3077176809310913,-0.05692156031727791,0.2586267590522766,0.3514610528945923,-0.04186435416340828,0.19504690170288086,0.26227256655693054,-0.037221502512693405,0.22117450833320618,0.23443883657455444,-0.06304916739463806,0.22790312767028809,0.30046480894088745,-0.05424989387392998,0.22588209807872772,0.3343448042869568,-0.04060786962509155
thank_you,0.2091614454984665,0.47020626068115234,-2.9911061005805095e-07,0.27614739537239075,0.46154987812042236,-0.02004970982670784,0.3390412926673889,0.4111596941947937,-0.02997436188161373,0.34375470876693726,0.35539811849594116,-0.039830394089221954,0.32896724343299866,0.3106028437614441,-0.04536949470639229,0.34183624386787415,0.3005957007408142,-0.015035661868751049,0.3757880926132202,0.2519209086894989,-0.04983540624380112,0.35808315873146057,0.3160437345504761,-0.06588906794786453,0.3377695381641388,0.357327938079834,-0.0703226774930954,0.29658907651901245,0.2767942249774933,-0.01901194639503956,0.33081844449043274,0.23039963841438293,-0.056115537881851196,0.3126656115055084,0.32138293981552124,-0.06270445138216019,0.29525282979011536,0.3632737696170807,-0.05768752470612526,0.24852409958839417,0.2631712555885315,-0.027652231976389885,0.2786270081996918,0.21683108806610107,-0.06673707067966461,0.26985979080200195,0.3102693259716034,-0.057964734733104706,0.25706028938293457,0.3522377610206604,-0.0413847342133522,0.1938757598400116,0.26068633794784546,-0.03712385147809982,0.22163866460323334,0.23262231051921844,-0.06383871287107468,0.22695143520832062,0.30133751034736633,-0.05361929535865784,0.22353240847587585,0.33475980162620544,-0.038550253957509995
yes,0.45128682255744934,0.5210140943527222,-1.4779959656152641e-07,0.43716341257095337,0.41429197788238525,-0.005685403011739254,0.3970508575439453,0.3217054605484009,-0.024551331996917725,0.3849606513977051,0.23658499121665955,-0.04297121614217758,0.40400755405426025,0.16470277309417725,-0.06282229721546173,0.3285842835903168,0.32913199067115784,-0.057866305112838745,0.23587116599082947,0.35696810483932495,-0.0715770348906517,0.2593304216861725,0.3829960823059082,-0.07085119187831879,0.2937754988670349,0.38084685802459717,-0.0698748454451561,0.31984883546829224,0.40658262372016907,-0.06689094007015228,0.2279987335205078,0.4250926971435547,-0.0764244794845581,0.2575884759426117,0.44548499584198,-0.06701720505952835,0.2948528826236725,0.44506099820137024,-0.06289858371019363,0.315946489572525,0.48771482706069946,-0.07325344532728195,0.2340189516544342,0.49765050411224365,-0.07793241739273071,0.2635801434516907,0.5080994367599487,-0.060767706483602524,0.3002357482910156,0.5064195990562439,-0.05239885300397873,0.3177710175514221,0.565378725528717,-0.07951097190380096,0.24999000132083893,0.5613146424293518,-0.08291032910346985,0.27453795075416565,0.5653561353683472,-0.06787596642971039,0.3060623109340668,0.5642327070236206,-0.05728960782289505
yes,0.5009796023368835,0.5901857018470764,-3.924630220808467e-07,0.49474164843559265,0.47537946701049805,-0.004997373092919588,0.46172165870666504,0.36305123567581177,-0.02536749839782715,0.45502668619155884,0.2711602747440338,-0.04603074863553047,0.48550984263420105,0.20306982100009918,-0.06920506805181503,0.39907553791999817,0.37497034668922424,-0.06625300645828247,0.29749810695648193,0.38543620705604553,-0.09099699556827545,0.32386118173599243,0.4135165810585022,-0.09964607656002045,0.3604196012020111,0.4160456359386444,-0.10396881401538849,0.38537484407424927,0.4547502100467682,-0.07714201509952545,0.2835926413536072,0.4586230516433716,-0.09502316266298294,0.3126063644886017,0.4781041443347931,-0.08882254362106323,0.35092273354530334,0.48311910033226013,-0.08645069599151611,0.3761725127696991,0.5354719161987305,-0.08540471643209457,0.2812213897705078,0.5329407453536987,-0.09776987135410309,0.31110021471977234,0.5463672280311584,-0.08024565875530243,0.3495287299156189,0.552573025226593,-0.06989648938179016,0.37094151973724365,0.6131203174591064,-0.09337816387414932,0.29591694474220276,0.6119784116744995,-0.1004338413476944,0.320679634809494,0.6171426773071289,-0.08486387878656387,0.3524850010871887,0.6206745505332947,-0.07366766035556793
yes,0.48406776785850525,0.9935979247093201,-2.4733625991757435e-07,0.5039659142494202,0.8903175592422485,-0.0011431464226916432,0.5118963122367859,0.7721160054206848,-0.019106127321720123,0.5379762053489685,0.6907800436019897,-0.037374481558799744,0.5794544219970703,0.640434741973877,-0.05630890280008316,0.4625738263130188,0.7891004085540771,-0.06410305947065353,0.3907238841056824,0.6779883503913879,-0.09187713265419006,0.40428459644317627,0.7094330191612244,-0.10082215815782547,0.43289685249328613,0.7579287886619568,-0.10248125344514847,0.4254399240016937,0.8532902002334595,-0.07527603209018707,0.33925724029541016,0.7385423183441162,-0.0976497232913971,0.3651012182235718,0.7672294974327087,-0.09088976681232452,0.4012841582298279,0.8105660080909729,-0.08607710152864456,0.3936919867992401,0.9140371680259705,-0.08375830948352814,0.3166510760784149,0.8113399147987366,-0.09926746040582657,0.34376299381256104,0.8316009640693665,-0.07776401191949844,0.37628471851348877,0.8667800426483154,-0.06250429898500443,0.3669154942035675,0.9706419706344604,-0.09146256744861603,0.3089524507522583,0.8874722123146057,-0.0980536937713623,0.3301216959953308,0.8980110287666321,-0.07799315452575684,0.3550601005554199,0.9276179671287537,-0.06323516368865967
yes,0.4290350377559662,1.0161542892456055,-1.155914617356757e-07,0.4615115821361542,0.9353705048561096,-0.0167156420648098,0.4797643721103668,0.8463127613067627,-0.04293255880475044,0.510842502117157,0.7845495343208313,-0.0668170377612114,0.5549893379211426,0.7437272667884827,-0.08992145210504532,0.4497951567173004,0.9104280471801758,-0.08154062181711197,0.36501625180244446,0.8069551587104797,-0.11171647161245346,0.39046671986579895,0.8254405856132507,-0.12038719654083252,0.42273589968681335,0.8649411797523499,-0.12088383734226227,0.4082830548286438,0.9703638553619385,-0.08478272706270218,0.31797823309898376,0.8654597997665405,-0.10535198450088501,0.3478865921497345,0.8794370889663696,-0.09980235993862152,0.3809213936328888,0.9142745137214661,-0.09771783649921417,0.37248432636260986,1.0162506103515625,-0.08592590689659119,0.2969468832015991,0.9248576760292053,-0.09780929982662201,0.32250723242759705,0.9322673082351685,-0.07889482378959656,0.35291653871536255,0.9606327414512634,-0.06729894876480103,0.3434901535511017,1.0508538484573364,-0.08815509080886841,0.28690606355667114,0.9766659140586853,-0.09202846139669418,0.3073275089263916,0.9829690456390381,-0.0738765150308609,0.3327317237854004,1.0121930837631226,-0.062339767813682556
yes,0.39422520995140076,1.072545051574707,-3.289543570872411e-08,0.4306935966014862,1.0021692514419556,-0.02208268828690052,0.45063579082489014,0.9257485270500183,-0.044114310294389725,0.47901177406311035,0.8741162419319153,-0.06545275449752808,0.5208514332771301,0.8503018021583557,-0.08820873498916626,0.387209415435791,0.9435670375823975,-0.046975214034318924,0.3596290051937103,0.9027263522148132,-0.07502580434083939,0.3765287399291992,0.9144312143325806,-0.09525644779205322,0.397629052400589,0.9370092153549194,-0.10626933723688126,0.34595808386802673,0.9992680549621582,-0.0482923798263073,0.3119771480560303,0.9598616361618042,-0.06520742177963257,0.32655584812164307,0.969323456287384,-0.07409960776567459,0.3445177674293518,0.9890508651733398,-0.08345916122198105,0.31601327657699585,1.0499157905578613,-0.05061535909771919,0.288649320602417,1.0213050842285156,-0.06411668658256531,0.29776930809020996,1.0283324718475342,-0.06478288024663925,0.31020283699035645,1.040794014930725,-0.06696981191635132,0.29688453674316406,1.094465970993042,-0.0548362210392952,0.2726513743400574,1.0727964639663696,-0.06092383340001106,0.27598175406455994,1.0814357995986938,-0.054824348539114,0.2825382649898529,1.092603087425232,-0.05180681496858597
yes,0.3826410174369812,1.1290541887283325,-9.360348940390395e-08,0.4167855978012085,1.046419620513916,-0.00997708085924387,0.4271090030670166,0.9678298830986023,-0.01377231627702713,0.447815477848053,0.9208884239196777,-0.018190225586295128,0.4927841126918793,0.901477575302124,-0.023139065131545067,0.33407747745513916,0.9483180046081543,0.014107887633144855,0.3536667823791504,0.9502759575843811,0.006974942050874233,0.3753204345703125,0.9742783904075623,-0.009504597634077072,0.3851401209831238,0.9986959099769592,-0.02075541764497757,0.2976608872413635,1.0059562921524048,0.012787439860403538,0.3037390112876892,1.016224980354309,0.013530759140849113,0.32800692319869995,1.039505124092102,-0.0009864730527624488,0.33861592411994934,1.0618599653244019,-0.01414210069924593,0.2766023874282837,1.068380355834961,0.009435064159333706,0.28338950872421265,1.0785013437271118,0.006400743033736944,0.30322545766830444,1.094080924987793,-0.004396574106067419,0.31132638454437256,1.1072324514389038,-0.01279435958713293,0.2712191939353943,1.1208608150482178,0.0052403537556529045,0.2692950963973999,1.1307907104492188,0.0054260254837572575,0.2837015390396118,1.1505579948425293,0.008347492665052414,0.2909446656703949,1.165494680404663,0.009994616732001305
yes,0.39512503147125244,1.143000602722168,8.236677118134139e-09,0.41359564661979675,1.063698649406433,-0.004692660644650459,0.4100324511528015,0.9890679717063904,-0.008890754543244839,0.42500928044319153,0.9408773183822632,-0.015189559198915958,0.46666210889816284,0.9261198043823242,-0.02132103033363819,0.32824188470840454,0.9804089069366455,0.017803825438022614,0.3262631595134735,0.9684520363807678,0.016819098964333534,0.34233173727989197,0.9913864731788635,0.006001722067594528,0.35603657364845276,1.0171016454696655,-0.002204154385253787,0.2968604564666748,1.03351891040802,0.014969765208661556,0.2876892685890198,1.0240004062652588,0.019525082781910896,0.30660852789878845,1.0457005500793457,0.009376279078423977,0.321320116519928,1.0708180665969849,-0.00048573227832093835,0.27618229389190674,1.0884836912155151,0.011030688881874084,0.2610006034374237,1.0723751783370972,0.014899453148245811,0.2761635482311249,1.0893957614898682,0.011626036837697029,0.28945231437683105,1.110584020614624,0.007522838655859232,0.2680510878562927,1.1367318630218506,0.006309820339083672,0.24805277585983276,1.1198104619979858,0.013599283061921597,0.2588542103767395,1.1376471519470215,0.023364514112472534,0.2699301838874817,1.156651258468628,0.02947523258626461
yes,0.4075339734554291,1.172011137008667,-1.6568360194924026e-07,0.41668835282325745,1.08094322681427,0.011731291189789772,0.4069918394088745,1.0151475667953491,0.026291374117136,0.41191962361335754,0.9646081328392029,0.0376681312918663,0.45396536588668823,0.9436312913894653,0.05134883522987366,0.31257444620132446,0.9939260482788086,0.07210205495357513,0.3235372006893158,0.9908531904220581,0.08873126655817032,0.3478218913078308,1.016657829284668,0.08201497048139572,0.36027413606643677,1.0380803346633911,0.07401036471128464,0.2955504059791565,1.052125334739685,0.06925871223211288,0.2993239462375641,1.0546215772628784,0.090358667075634,0.3290150761604309,1.0778148174285889,0.0771440789103508,0.34258130192756653,1.0970736742019653,0.0636538714170456,0.284087210893631,1.1114782094955444,0.0648423433303833,0.28572654724121094,1.1091967821121216,0.08362661302089691,0.30842024087905884,1.1273196935653687,0.07878602296113968,0.3209288716316223,1.1388881206512451,0.07141789048910141,0.28680551052093506,1.1579656600952148,0.06029064953327179,0.2785501480102539,1.154707670211792,0.08029906451702118,0.2984912395477295,1.1722168922424316,0.09093027561903,0.3086066246032715,1.179419994354248,0.09608538448810577
yes,0.276212602853775,0.4140927195549011,-5.492829018294287e-07,0.32498112320899963,0.32428520917892456,0.0009064408950507641,0.3854546844959259,0.24638685584068298,-0.012792233377695084,0.42249682545661926,0.17557039856910706,-0.027189435437321663,0.4321151375770569,0.10430774092674255,-0.03975408896803856,0.470630019903183,0.3155089318752289,-0.029503826051950455,0.5217312574386597,0.3918847143650055,-0.03314252942800522,0.49592697620391846,0.4059392511844635,-0.03162383288145065,0.4639336168766022,0.39096325635910034,-0.031853873282670975,0.4657112956047058,0.38968998193740845,-0.03966604545712471,0.5039837956428528,0.4486345052719116,-0.027252381667494774,0.4772782325744629,0.45204898715019226,-0.01658479869365692,0.44525599479675293,0.4369739890098572,-0.018006233498454094,0.44718629121780396,0.46236056089401245,-0.047381434589624405,0.482176810503006,0.5020974278450012,-0.032718028873205185,0.45701342821121216,0.5022317171096802,-0.015641825273633003,0.42571431398391724,0.48635202646255493,-0.014214538037776947,0.4225541949272156,0.5259958505630493,-0.05530145764350891,0.4448294937610626,0.5444043278694153,-0.043257780373096466,0.4204114079475403,0.5378067493438721,-0.026048028841614723,0.3960276246070862,0.5225197076797485,-0.01833930052816868
yes,0.2816312611103058,0.4173748195171356,-4.0446022353535227e-07,0.33418235182762146,0.3342786431312561,0.005046898499131203,0.3955020308494568,0.2650182247161865,-0.008047834038734436,0.43240824341773987,0.1958010196685791,-0.022947903722524643,0.43972861766815186,0.12538595497608185,-0.03624025359749794,0.4798715114593506,0.34656572341918945,-0.02920583076775074,0.5351369976997375,0.4212948679924011,-0.03250480815768242,0.5097074508666992,0.4336809515953064,-0.028899166733026505,0.4808022379875183,0.416179895401001,-0.02657371386885643,0.4696425795555115,0.4184528887271881,-0.0397944413125515,0.5078759789466858,0.4817574620246887,-0.02534511312842369,0.48113927245140076,0.4810959994792938,-0.011107425205409527,0.45312339067459106,0.4598409831523895,-0.00958128273487091,0.4458954930305481,0.4869365692138672,-0.04767102003097534,0.4763844311237335,0.5299967527389526,-0.02901504747569561,0.45247119665145874,0.5249612927436829,-0.010403336957097054,0.42447248101234436,0.5025328993797302,-0.008475889451801777,0.4174245297908783,0.5471401214599609,-0.0556628480553627,0.4340084195137024,0.5680571794509888,-0.03936068341135979,0.41068270802497864,0.5581833124160767,-0.02072947286069393,0.38855722546577454,0.5379904508590698,-0.012456919997930527
yes,0.276669442653656,0.4584265351295471,-4.2126933408326295e-07,0.3331398069858551,0.3697407841682434,0.008196457289159298,0.3954588770866394,0.30024757981300354,-0.004955989308655262,0.43459352850914,0.22822286188602448,-0.019962484017014503,0.44115325808525085,0.15508276224136353,-0.03326505422592163,0.47870561480522156,0.3844504952430725,-0.025100233033299446,0.527938961982727,0.4490565359592438,-0.023204918950796127,0.49757418036460876,0.4507005512714386,-0.016675280407071114,0.4702073037624359,0.4335102140903473,-0.013497162610292435,0.46896255016326904,0.4621995687484741,-0.03560518100857735,0.5132834315299988,0.5112448930740356,-0.019026685506105423,0.486873596906662,0.5057647824287415,-0.004153215792030096,0.45636850595474243,0.4901563823223114,-0.001801700796931982,0.4465944468975067,0.5327299237251282,-0.0424814373254776,0.4808124005794525,0.5641610622406006,-0.019183000549674034,0.4577414095401764,0.5570034384727478,0.00011014771735062823,0.4282005727291107,0.539383053779602,0.0018701981753110886,0.42046159505844116,0.5938741564750671,-0.04926489666104317,0.4400246739387512,0.6067007184028625,-0.027506347745656967,0.41742274165153503,0.5946015119552612,-0.0082096541300416,0.3958028256893158,0.579105019569397,-0.0004989386652596295
yes,0.27564018964767456,0.4725130796432495,-3.5689004107553046e-07,0.3311878442764282,0.3820321559906006,0.007609863765537739,0.39103177189826965,0.31161630153656006,-0.006296368315815926,0.42937010526657104,0.2362995445728302,-0.022181756794452667,0.43599432706832886,0.16264724731445312,-0.03618448227643967,0.47873857617378235,0.39540258049964905,-0.025019381195306778,0.5304102897644043,0.4528898596763611,-0.022579936310648918,0.4986419677734375,0.4580353796482086,-0.015165031887590885,0.468153178691864,0.4424467086791992,-0.011049356311559677,0.4696151316165924,0.4736323952674866,-0.03528434783220291,0.5158942341804504,0.5215022563934326,-0.018877314403653145,0.48924246430397034,0.5158935189247131,-0.004066239111125469,0.4567236304283142,0.4976564645767212,-0.001268047490157187,0.4471184313297272,0.5429998636245728,-0.04190440475940704,0.4833853840827942,0.5748056769371033,-0.018637988716363907,0.46068835258483887,0.5674222707748413,0.0009337323135696352,0.4302605390548706,0.5482933521270752,0.003257072763517499,0.42076000571250916,0.6016769409179688,-0.04849693179130554,0.44363686442375183,0.6162282228469849,-0.026288066059350967,0.4218044877052307,0.6042909622192383,-0.005826700013130903,0.3988382816314697,0.5887747406959534,0.0029703802429139614
yes,0.2841334939002991,0.46720778942108154,-3.0940643114263366e-07,0.3366925120353699,0.3644908666610718,0.00771935423836112,0.3961533308029175,0.2867838740348816,-0.002983059734106064,0.43147775530815125,0.2094651609659195,-0.015939196571707726,0.43057042360305786,0.13611632585525513,-0.027267957106232643,0.48818209767341614,0.365369588136673,-0.014053093269467354,0.530632495880127,0.41489824652671814,-0.006235634908080101,0.5031309127807617,0.4249442517757416,0.0020960087422281504,0.4760664999485016,0.41242894530296326,0.0057755704037845135,0.48432469367980957,0.4423253834247589,-0.023900849744677544,0.5227640271186829,0.4807000458240509,-0.0013595548225566745,0.49712011218070984,0.48199623823165894,0.012619555927813053,0.46750062704086304,0.4695329964160919,0.013639052398502827,0.4651767611503601,0.5136157274246216,-0.030548281967639923,0.4988640248775482,0.5373095870018005,-0.004646941553801298,0.47618013620376587,0.5366727113723755,0.011290168389678001,0.4463769495487213,0.5219366550445557,0.010945877991616726,0.4390261173248291,0.5761724710464478,-0.03720543906092644,0.4612988233566284,0.5825896859169006,-0.014238344505429268,0.4405280649662018,0.5749842524528503,0.004685582593083382,0.4163758158683777,0.5611384510993958,0.012502619065344334
yes,0.28984522819519043,0.45177704095840454,-3.7869961033720756e-07,0.3413930833339691,0.35143160820007324,0.009353152476251125,0.39889785647392273,0.2760218679904938,-0.002642726292833686,0.4335615634918213,0.19826799631118774,-0.017671452835202217,0.43419402837753296,0.124828040599823,-0.030951516702771187,0.4952617287635803,0.3494182229042053,-0.014155243523418903,0.5393064022064209,0.4080319106578827,-0.008526032790541649,0.5104878544807434,0.42183372378349304,-0.0012758553493767977,0.481904000043869,0.40824851393699646,0.00156864570453763,0.493646502494812,0.42495277523994446,-0.026486262679100037,0.5251240134239197,0.47119468450546265,-0.005313462112098932,0.49531227350234985,0.47337886691093445,0.009384014643728733,0.46517449617385864,0.45828700065612793,0.01051951851695776,0.4752500057220459,0.4968160390853882,-0.03595134615898132,0.5031337141990662,0.5279878377914429,-0.01223883219063282,0.4780711531639099,0.5284292697906494,0.004944259766489267,0.4482383131980896,0.5119081139564514,0.005119603127241135,0.4491136372089386,0.5600479245185852,-0.04532671347260475,0.4639754891395569,0.5741356015205383,-0.02454460971057415,0.44106411933898926,0.567130982875824,-0.005842139013111591,0.4171746075153351,0.5509775876998901,0.0018302755197510123
yes,0.2947811186313629,0.4424266219139099,-4.3638422653202724e-07,0.3459959626197815,0.34130364656448364,0.011340445838868618,0.4026738405227661,0.26590660214424133,0.0010521876392886043,0.4373041093349457,0.1899867057800293,-0.012538138777017593,0.43829596042633057,0.11786341667175293,-0.02471117675304413,0.498110294342041,0.34015437960624695,-0.01230352558195591,0.5370418429374695,0.3985763490200043,-0.006421551574021578,0.5091052651405334,0.4116767644882202,0.0009621850331313908,0.4807565212249756,0.39932265877723694,0.003851664252579212,0.4971376657485962,0.41346317529678345,-0.025728436186909676,0.5259071588516235,0.46232858300209045,-0.005038311239331961,0.4965437352657318,0.46467339992523193,0.00899515114724636,0.4661635160446167,0.4505124092102051,0.009932713583111763,0.47888749837875366,0.48442625999450684,-0.03607197478413582,0.50529944896698,0.5167361497879028,-0.013112124986946583,0.4795231819152832,0.5175824165344238,0.0036626942455768585,0.4499979317188263,0.5019577145576477,0.0038488165009766817,0.4523092806339264,0.5479268431663513,-0.04614550992846489,0.46703800559043884,0.5630166530609131,-0.02679033949971199,0.4435696601867676,0.5568726062774658,-0.008561772294342518,0.42000460624694824,0.5415511131286621,-0.0008494628127664328
yes,0.29959893226623535,0.4410550594329834,-4.19821390096331e-07,0.34762611985206604,0.33735454082489014,0.0096343494951725,0.4028017222881317,0.2604500353336334,-0.0024308382999151945,0.4371967315673828,0.18283842504024506,-0.017451846972107887,0.438127338886261,0.1093670129776001,-0.03097648173570633,0.4998038411140442,0.33138540387153625,-0.014789827167987823,0.538002073764801,0.385073721408844,-0.010068314149975777,0.5085300207138062,0.39828264713287354,-0.004019169136881828,0.47921425104141235,0.3866453468799591,-0.0018409525509923697,0.4985258877277374,0.4063757658004761,-0.027448352426290512,0.5296416282653809,0.45146438479423523,-0.007914838381111622,0.49898940324783325,0.4529486298561096,0.005238254088908434,0.4671624004840851,0.4387408494949341,0.005792532581835985,0.48038947582244873,0.4782752990722656,-0.036954253911972046,0.5082650780677795,0.5081688165664673,-0.014558306895196438,0.4818142056465149,0.5082192420959473,0.0021361452527344227,0.4509674310684204,0.4931819438934326,0.0024312196765094995,0.4549391269683838,0.5420302748680115,-0.046267103403806686,0.47108736634254456,0.5549800992012024,-0.026393963024020195,0.4464379847049713,0.5480645895004272,-0.007331484463065863,0.42144250869750977,0.5332797765731812,0.0008157239062711596
yes,0.30086755752563477,0.439577579498291,-4.061482457018428e-07,0.3487852215766907,0.33446192741394043,0.008382759056985378,0.4034063220024109,0.2573663592338562,-0.005057571921497583,0.43743377923965454,0.17826123535633087,-0.020941274240612984,0.4371245503425598,0.10306072235107422,-0.03496961668133736,0.5002446174621582,0.32748252153396606,-0.018958503380417824,0.5399092435836792,0.3854077160358429,-0.012246943078935146,0.5102239847183228,0.39665213227272034,-0.0035419058986008167,0.4822365939617157,0.38270097970962524,-8.108602924039587e-05,0.49851715564727783,0.4033970534801483,-0.030974436551332474,0.5309616327285767,0.4508131146430969,-0.010450358502566814,0.500901997089386,0.4515882730484009,0.004034582059830427,0.469756543636322,0.43773019313812256,0.005012297537177801,0.4807118773460388,0.4761103391647339,-0.03936268389225006,0.5085544586181641,0.5053451061248779,-0.01588055118918419,0.4827304184436798,0.5064805150032043,0.0023050601594150066,0.4522422254085541,0.4931390881538391,0.0032661708537489176,0.45680683851242065,0.5398944020271301,-0.047663167119026184,0.47853752970695496,0.55680912733078,-0.02681330218911171,0.45462101697921753,0.5516588687896729,-0.006555216386914253,0.4293227791786194,0.5381165742874146,0.002170904539525509
yes,0.30166515707969666,0.43848052620887756,-4.4535141796586686e-07,0.34946388006210327,0.3349461853504181,0.00851881131529808,0.4045213758945465,0.2565227448940277,-0.00455084815621376,0.43755364418029785,0.17601530253887177,-0.020143235102295876,0.43632450699806213,0.10019955039024353,-0.03394357115030289,0.5022991299629211,0.3274729549884796,-0.019180895760655403,0.5400915741920471,0.3860067129135132,-0.01305253617465496,0.509170651435852,0.39715486764907837,-0.00531556224450469,0.48063233494758606,0.38284415006637573,-0.002674924908205867,0.500095009803772,0.4032338261604309,-0.03151934966444969,0.5319144129753113,0.45304328203201294,-0.01149780210107565,0.5011922717094421,0.45292580127716064,0.00272375694476068,0.46922752261161804,0.4369596540927887,0.0033912628423422575,0.4816247820854187,0.4761097729206085,-0.0402429923415184,0.5098539590835571,0.507250189781189,-0.016913477331399918,0.483623206615448,0.5073283910751343,0.0016252555651590228,0.45265108346939087,0.49212345480918884,0.002680038334801793,0.45686614513397217,0.5396357774734497,-0.04892294108867645,0.4780590832233429,0.555461049079895,-0.028133416548371315,0.454173743724823,0.5495573878288269,-0.007473350036889315,0.4286062717437744,0.5347601771354675,0.0014079198008403182
yes,0.30255618691444397,0.4396946132183075,-4.370870669845317e-07,0.3500792384147644,0.3342648148536682,0.008366777561604977,0.4041621685028076,0.2545578181743622,-0.004532040096819401,0.43574848771095276,0.17342950403690338,-0.01969885267317295,0.43394023180007935,0.09807524085044861,-0.03303380683064461,0.5017773509025574,0.32659390568733215,-0.0202548298984766,0.5411062836647034,0.38395020365715027,-0.013452921062707901,0.5101088881492615,0.39511439204216003,-0.004762593656778336,0.4808725118637085,0.38113829493522644,-0.001309540239162743,0.4998674988746643,0.40284958481788635,-0.03194490447640419,0.5318877696990967,0.45124351978302,-0.011341791599988937,0.5014030337333679,0.45119741559028625,0.003173723118379712,0.46971091628074646,0.43602314591407776,0.0039928266778588295,0.4818122982978821,0.4757823050022125,-0.03983898088335991,0.5102277994155884,0.5055451989173889,-0.01587928831577301,0.48455435037612915,0.505778968334198,0.0025686086155474186,0.45383235812187195,0.4913404881954193,0.003497761907055974,0.4577123522758484,0.5385773181915283,-0.047635141760110855,0.4802464544773102,0.5541120767593384,-0.02610258385539055,0.45692020654678345,0.5484545826911926,-0.005183966364711523,0.43148887157440186,0.5345607995986938,0.0038090848829597235
yes,0.30247098207473755,0.44344955682754517,-4.3216985545768694e-07,0.3502808213233948,0.3372652232646942,0.007475134450942278,0.40444761514663696,0.25818097591400146,-0.005948851350694895,0.4350549578666687,0.17661744356155396,-0.021710876375436783,0.4330676794052124,0.09971252083778381,-0.035749323666095734,0.4996001422405243,0.3273302912712097,-0.019457699730992317,0.5414823293685913,0.3853311836719513,-0.015579067170619965,0.5108016133308411,0.3960718810558319,-0.009770654141902924,0.48084956407546997,0.3820517957210541,-0.007708031218498945,0.497102290391922,0.40347015857696533,-0.031006649136543274,0.5333039164543152,0.4497925639152527,-0.012688403017818928,0.5032655596733093,0.4493577182292938,8.138276461977512e-05,0.4709520637989044,0.43526121973991394,0.0001636261004023254,0.4791102409362793,0.47651293873786926,-0.03912306949496269,0.5128945112228394,0.504550576210022,-0.01719886250793934,0.48663386702537537,0.5036482810974121,0.0010404984932392836,0.4550568163394928,0.49022603034973145,0.0024918883573263884,0.455125629901886,0.5394970178604126,-0.04713108018040657,0.48190972208976746,0.5520340800285339,-0.02643272839486599,0.4577111303806305,0.5458724498748779,-0.004919860977679491,0.4314725697040558,0.5338652729988098,0.004738591145724058
yes,0.2990175783634186,0.4423275291919708,-4.119603431718133e-07,0.34690409898757935,0.3331567049026489,0.00804203376173973,0.4007694125175476,0.2540733814239502,-0.005952848121523857,0.43248865008354187,0.1731148660182953,-0.022188717499375343,0.4302673041820526,0.09759125113487244,-0.03671848773956299,0.4977112114429474,0.3236454129219055,-0.019891422241926193,0.5404086709022522,0.3780972957611084,-0.014397995546460152,0.5091705322265625,0.3873647451400757,-0.007524815853685141,0.4802197217941284,0.37306708097457886,-0.005150388460606337,0.4953782260417938,0.40230709314346313,-0.031123086810112,0.535592794418335,0.4418807327747345,-0.011841429397463799,0.5061275959014893,0.4401715099811554,0.0017800386995077133,0.47385746240615845,0.4274460971355438,0.002343233674764633,0.47738853096961975,0.47569525241851807,-0.03849819302558899,0.5140389204025269,0.49662894010543823,-0.014905466698110104,0.4882909655570984,0.4953000843524933,0.004296311177313328,0.4565645456314087,0.4838411211967468,0.006007684860378504,0.4540616571903229,0.5384290218353271,-0.04565679654479027,0.48215433955192566,0.5439039468765259,-0.023211052641272545,0.4582974910736084,0.5373051762580872,-0.0006979485042393208,0.43255311250686646,0.5278993248939514,0.009336398914456367
yes,0.29826703667640686,0.44674551486968994,-4.0032574588622083e-07,0.34542396664619446,0.3351132571697235,0.007431425619870424,0.39955201745033264,0.2545166313648224,-0.005514960270375013,0.43086016178131104,0.17277050018310547,-0.020294014364480972,0.4286186397075653,0.09654530882835388,-0.03320920094847679,0.49904826283454895,0.3251677453517914,-0.016968904063105583,0.5416942834854126,0.3746960759162903,-0.00975845381617546,0.5103508234024048,0.3825832009315491,-0.0023023844696581364,0.48139289021492004,0.3695654571056366,0.0006202198565006256,0.4967265725135803,0.4035072326660156,-0.02598767913877964,0.5343084335327148,0.43800032138824463,-0.004707950167357922,0.505163848400116,0.4347309470176697,0.008629510179162025,0.4738743305206299,0.4242390990257263,0.008986985310912132,0.47823473811149597,0.4761355519294739,-0.0311098825186491,0.5144389271736145,0.49293720722198486,-0.00656821159645915,0.489443838596344,0.4903648793697357,0.01125374622642994,0.45807433128356934,0.4807036221027374,0.012384243309497833,0.4548775255680084,0.5372529029846191,-0.03583052381873131,0.48406675457954407,0.540580153465271,-0.012830684892833233,0.4605189561843872,0.5329895615577698,0.009155740961432457,0.43484899401664734,0.5249679684638977,0.019226698204874992
yes,0.29857397079467773,0.448302686214447,-4.0200868056672334e-07,0.3448448181152344,0.3368789553642273,0.006869110744446516,0.398079514503479,0.25617390871047974,-0.007284230552613735,0.42884519696235657,0.17397987842559814,-0.023166436702013016,0.4263108968734741,0.09691765904426575,-0.03720729425549507,0.4972109794616699,0.3232230246067047,-0.019895121455192566,0.5425698161125183,0.3746786117553711,-0.014438563026487827,0.5108270049095154,0.3836878836154938,-0.007675698958337307,0.4810640513896942,0.37000736594200134,-0.004903858061879873,0.49538856744766235,0.4020739495754242,-0.02902320772409439,0.5354049205780029,0.4375441372394562,-0.00933089293539524,0.5058280229568481,0.43547314405441284,0.00397132383659482,0.47356557846069336,0.42452704906463623,0.004638193640857935,0.4779788851737976,0.47523778676986694,-0.03425300866365433,0.5148177146911621,0.49194884300231934,-0.010209416970610619,0.48956361413002014,0.4905060827732086,0.008191521279513836,0.4577510356903076,0.4810103476047516,0.00973567832261324,0.45604854822158813,0.5369720458984375,-0.03915499895811081,0.48462188243865967,0.5385944843292236,-0.016323911026120186,0.4603516757488251,0.5324820280075073,0.005920876748859882,0.43463942408561707,0.5252652764320374,0.016185659915208817
yes,0.29863953590393066,0.4479280710220337,-4.091126584171434e-07,0.34470969438552856,0.33844631910324097,0.006072302348911762,0.3986492156982422,0.2580859363079071,-0.008773842826485634,0.42958569526672363,0.1752769500017166,-0.02545659989118576,0.426346093416214,0.0978330671787262,-0.04025411605834961,0.4974890947341919,0.32420453429222107,-0.019947510212659836,0.5437302589416504,0.3753552734851837,-0.015794165432453156,0.5109530091285706,0.38294723629951477,-0.010274297557771206,0.4807146191596985,0.36870118975639343,-0.008365226909518242,0.4951588213443756,0.402862012386322,-0.029538627713918686,0.5360180735588074,0.43773937225341797,-0.010946998372673988,0.5059895515441895,0.4348032474517822,0.0017787006217986345,0.47347205877304077,0.42393621802330017,0.0022941993083804846,0.47751542925834656,0.4760083556175232,-0.03547096997499466,0.514689028263092,0.4918763041496277,-0.012374729849398136,0.48875656723976135,0.48992305994033813,0.006074246484786272,0.4569377303123474,0.48091644048690796,0.007902505807578564,0.4553753435611725,0.5382339954376221,-0.041205547749996185,0.48372581601142883,0.5388450622558594,-0.019251618534326553,0.45906901359558105,0.5327641367912292,0.002927896101027727,0.43337446451187134,0.5262119174003601,0.013328851200640202
yes,0.29830485582351685,0.448703795671463,-4.130163233639905e-07,0.34455665946006775,0.33945298194885254,0.0068383123725652695,0.3986465334892273,0.2592273950576782,-0.006988943088799715,0.4294813275337219,0.177104189991951,-0.02283625118434429,0.42696642875671387,0.1005084216594696,-0.036892473697662354,0.4969829022884369,0.32468661665916443,-0.01727934181690216,0.5429174900054932,0.3753354549407959,-0.013100093230605125,0.511022686958313,0.38357222080230713,-0.00821497943252325,0.4810543358325958,0.36957991123199463,-0.006658428814262152,0.4951479434967041,0.4025302827358246,-0.02706853114068508,0.5355147123336792,0.43815726041793823,-0.008222035132348537,0.5055007934570312,0.4359389841556549,0.0040811169892549515,0.4729176461696625,0.4243379533290863,0.004474231507629156,0.47773730754852295,0.47542595863342285,-0.03334442153573036,0.5146939754486084,0.49255213141441345,-0.010155820287764072,0.48853957653045654,0.4906272888183594,0.007758345454931259,0.4565645158290863,0.4807407855987549,0.009376662783324718,0.45540720224380493,0.5378226041793823,-0.03939250111579895,0.4831576645374298,0.5388017296791077,-0.017689548432826996,0.4581311345100403,0.5326521992683411,0.004105706233531237,0.43214887380599976,0.5257189273834229,0.014422301203012466
yes,0.29671424627304077,0.4510147273540497,-4.0765075937088113e-07,0.3424248993396759,0.3425280451774597,0.005245187785476446,0.39746448397636414,0.26134002208709717,-0.008895505219697952,0.42894265055656433,0.17913474142551422,-0.024843180552124977,0.42608314752578735,0.10243755578994751,-0.03882237896323204,0.4961583912372589,0.32650431990623474,-0.017652956768870354,0.5427564978599548,0.3748413622379303,-0.01485388819128275,0.5110313892364502,0.3830426335334778,-0.011073697358369827,0.48058363795280457,0.3689916133880615,-0.010116903111338615,0.4948466718196869,0.40410223603248596,-0.027036422863602638,0.5353175401687622,0.4376908540725708,-0.009361905977129936,0.5058915019035339,0.43594229221343994,0.002285700524225831,0.4736354649066925,0.424754798412323,0.0024956699926406145,0.4781373143196106,0.4767703413963318,-0.0332736112177372,0.5152752995491028,0.4930850565433502,-0.011515742167830467,0.4896082878112793,0.4911195635795593,0.00578203285112977,0.4576820433139801,0.48096203804016113,0.007403619587421417,0.4559459388256073,0.5393917560577393,-0.03943813964724541,0.48300090432167053,0.5401232838630676,-0.018998587504029274,0.4585639536380768,0.5339475274085999,0.002078251913189888,0.4327625334262848,0.5265620350837708,0.012207738123834133
yes,0.2969372272491455,0.45212942361831665,-4.040967098717374e-07,0.34233614802360535,0.34251704812049866,0.006257133558392525,0.3961043655872345,0.2628370523452759,-0.00808129832148552,0.4272673726081848,0.18138471245765686,-0.024212198331952095,0.4251570403575897,0.1048690676689148,-0.038474734872579575,0.4958871304988861,0.3266317546367645,-0.019073599949479103,0.5420887470245361,0.3758891522884369,-0.015139198862016201,0.5100799798965454,0.3844051957130432,-0.010134454816579819,0.4799574911594391,0.37029895186424255,-0.008399116806685925,0.4946972131729126,0.40514951944351196,-0.02834501676261425,0.5356914401054382,0.4386769235134125,-0.009382279589772224,0.5060040354728699,0.43661069869995117,0.0034539992921054363,0.4736596345901489,0.4252566993236542,0.0041748094372451305,0.4776580333709717,0.4782010614871979,-0.034048892557621,0.515099287033081,0.49362561106681824,-0.010837811045348644,0.48957040905952454,0.4918854236602783,0.007314509712159634,0.4575430154800415,0.48225006461143494,0.009093915112316608,0.4555182158946991,0.5402787923812866,-0.039520688354969025,0.4827570915222168,0.5394896268844604,-0.017777204513549805,0.45840775966644287,0.5336933135986328,0.0040147132240235806,0.43264496326446533,0.5269863605499268,0.014360609464347363
yes,0.29536762833595276,0.4532550871372223,-4.3564469365264813e-07,0.3418087363243103,0.3479533791542053,0.0071163661777973175,0.39549148082733154,0.2690685987472534,-0.00591755285859108,0.4248843491077423,0.1882195919752121,-0.02074366621673107,0.4227316379547119,0.11396282911300659,-0.03370669111609459,0.4917127788066864,0.33373740315437317,-0.019383050501346588,0.5377321243286133,0.381480872631073,-0.015038885176181793,0.5073767304420471,0.3905390799045563,-0.0084400475025177,0.4765872061252594,0.3777313530445099,-0.005525082815438509,0.49091485142707825,0.41270363330841064,-0.02926291525363922,0.5318226218223572,0.44519108533859253,-0.010449608787894249,0.5034655332565308,0.44393420219421387,0.00306118605658412,0.470024049282074,0.43304094672203064,0.004339179955422878,0.47480151057243347,0.48617416620254517,-0.03556458279490471,0.5114704370498657,0.5004293322563171,-0.012482790276408195,0.48599937558174133,0.49923765659332275,0.005964146461337805,0.4539834260940552,0.48979926109313965,0.007778284139931202,0.4529756009578705,0.5501501560211182,-0.04159194976091385,0.47933053970336914,0.5492090582847595,-0.02114097774028778,0.4551553726196289,0.5437945127487183,-0.0001597015798324719,0.4297340512275696,0.5368114709854126,0.009675929322838783
yes,0.2953989803791046,0.4572407901287079,-3.956250793635263e-07,0.3414449095726013,0.3498942255973816,0.006675002630800009,0.39476752281188965,0.27128809690475464,-0.006372648756951094,0.4261378347873688,0.19030123949050903,-0.02130977250635624,0.4237140417098999,0.11575338244438171,-0.034375838935375214,0.4933038055896759,0.33838391304016113,-0.016304701566696167,0.5381650924682617,0.3841186761856079,-0.011079476214945316,0.5080534219741821,0.3922043740749359,-0.005050539504736662,0.4784078598022461,0.37899670004844666,-0.00269409385509789,0.4921019673347473,0.4169352948665619,-0.025627972558140755,0.5325925946235657,0.44720470905303955,-0.006203948054462671,0.5046932101249695,0.4449155330657959,0.006316723767668009,0.47291141748428345,0.4333075284957886,0.006817425601184368,0.47505983710289,0.48931607604026794,-0.03148913010954857,0.5123400688171387,0.5034222602844238,-0.00837797299027443,0.48729637265205383,0.5009328126907349,0.008890043012797832,0.4558907747268677,0.490648090839386,0.010093011893332005,0.45236605405807495,0.5510498881340027,-0.037088435143232346,0.4796079397201538,0.5510425567626953,-0.01614668406546116,0.45577287673950195,0.5443589687347412,0.0045520225539803505,0.43055489659309387,0.5371180772781372,0.014184187166392803
yes,0.2955777049064636,0.4607189893722534,-3.8077681097092864e-07,0.34143489599227905,0.3519781231880188,0.0057182032614946365,0.39435338973999023,0.27269360423088074,-0.007847034372389317,0.4257441461086273,0.19206638634204865,-0.02313704416155815,0.4244600534439087,0.11718869209289551,-0.03638817369937897,0.4922729730606079,0.3398202657699585,-0.01717204786837101,0.5378125905990601,0.384199857711792,-0.012458941899240017,0.5090559720993042,0.3930586278438568,-0.006411791313439608,0.4795031249523163,0.3809174597263336,-0.0038712385576218367,0.49184417724609375,0.417810320854187,-0.026148155331611633,0.5325804352760315,0.4469738006591797,-0.007281826343387365,0.50507652759552,0.44514837861061096,0.005145819392055273,0.4736260771751404,0.43431323766708374,0.00572242122143507,0.47557640075683594,0.4900408983230591,-0.0318048857152462,0.5134793519973755,0.5039217472076416,-0.009513750672340393,0.48873600363731384,0.5018692016601562,0.007440406363457441,0.4572799503803253,0.4921374022960663,0.008668563328683376,0.4531472623348236,0.5521380305290222,-0.0372510701417923,0.4807930588722229,0.5523855686187744,-0.017266135662794113,0.45767900347709656,0.5462033152580261,0.002906099194660783,0.4324319064617157,0.5392642021179199,0.012442453764379025
yes,0.2956596612930298,0.4600837826728821,-3.830600121546013e-07,0.341505765914917,0.3499559164047241,0.005564659368246794,0.39395755529403687,0.2716493606567383,-0.008798949420452118,0.42539387941360474,0.19162632524967194,-0.024836638942360878,0.4240013659000397,0.11681768298149109,-0.03892286494374275,0.49279189109802246,0.33925238251686096,-0.018678581342101097,0.537257194519043,0.3847962021827698,-0.01403745822608471,0.5078758001327515,0.3934721052646637,-0.008107874542474747,0.4781719744205475,0.38106822967529297,-0.005690072197467089,0.49223220348358154,0.4181388318538666,-0.027431614696979523,0.5316705107688904,0.44718462228775024,-0.008501185104250908,0.5035911202430725,0.4451379179954529,0.004001460038125515,0.4723299741744995,0.43483638763427734,0.004393974784761667,0.4755939543247223,0.4906085133552551,-0.03265120089054108,0.5131231546401978,0.503303587436676,-0.010199746116995811,0.48826342821121216,0.5017008185386658,0.007215424440801144,0.4567214548587799,0.4927937984466553,0.008624584414064884,0.4533745348453522,0.5520992279052734,-0.03762516751885414,0.4817243218421936,0.55166095495224,-0.01690838113427162,0.45867979526519775,0.5461106300354004,0.0040654889307916164,0.4335893392562866,0.5399119257926941,0.013993507251143456
yes,0.2941984534263611,0.4594789147377014,-3.730015691871813e-07,0.34163203835487366,0.3483056426048279,0.006593451369553804,0.3947250247001648,0.2702740728855133,-0.007748219184577465,0.4255675971508026,0.18941384553909302,-0.02395426481962204,0.42390915751457214,0.11445581912994385,-0.03824908658862114,0.4920545220375061,0.33657222986221313,-0.018725819885730743,0.5385925769805908,0.3818170130252838,-0.013668034225702286,0.5082706212997437,0.39069664478302,-0.007592963986098766,0.4785279631614685,0.37854763865470886,-0.005158571060746908,0.49181511998176575,0.4155723750591278,-0.027850275859236717,0.5330020189285278,0.443507581949234,-0.007994432933628559,0.504014253616333,0.441144734621048,0.005146227777004242,0.47264614701271057,0.4311310350894928,0.00585279893130064,0.4753611385822296,0.4885903298854828,-0.033285174518823624,0.5138880014419556,0.4997442960739136,-0.010081498883664608,0.48857009410858154,0.4980221390724182,0.007654921151697636,0.4567495584487915,0.48997992277145386,0.00916696060448885,0.4533482789993286,0.5509074330329895,-0.03835156559944153,0.4826740324497223,0.5493372082710266,-0.017039762809872627,0.45925983786582947,0.5433734059333801,0.004336273763328791,0.43325600028038025,0.537535548210144,0.014506231062114239
yes,0.2953573763370514,0.4579488933086395,-3.7229432336971513e-07,0.3417307734489441,0.3469882905483246,0.006001598201692104,0.3942945897579193,0.2688877582550049,-0.008745991624891758,0.42591968178749084,0.18757528066635132,-0.02523340843617916,0.42457956075668335,0.11186996102333069,-0.03980555757880211,0.4918113350868225,0.3334861695766449,-0.019833706319332123,0.5382604002952576,0.3784487545490265,-0.014851793646812439,0.5084949731826782,0.3892602026462555,-0.008226718753576279,0.478954553604126,0.37833356857299805,-0.005482699256390333,0.491860955953598,0.41283488273620605,-0.02894757315516472,0.5326924920082092,0.44092440605163574,-0.009642587043344975,0.5040680766105652,0.4401811957359314,0.0034248537849634886,0.47273609042167664,0.43079841136932373,0.004028704483062029,0.4761556386947632,0.4862663745880127,-0.03439290076494217,0.5138987302780151,0.49768713116645813,-0.011668223887681961,0.48866742849349976,0.49721869826316833,0.006189393810927868,0.4569084346294403,0.4891148805618286,0.007685624994337559,0.45509272813796997,0.5488781929016113,-0.03953500837087631,0.48348575830459595,0.547872006893158,-0.01857946440577507,0.46010199189186096,0.5432103872299194,0.002638722537085414,0.43460366129875183,0.5373136401176453,0.012608515098690987
yes,0.3017478287220001,0.45983874797821045,-4.100496369119355e-07,0.34790167212486267,0.3555300831794739,0.006981204263865948,0.4015536308288574,0.2754715085029602,-0.007023218087852001,0.43326881527900696,0.194527730345726,-0.023218177258968353,0.42919594049453735,0.12112832069396973,-0.037622399628162384,0.4984036087989807,0.3374771773815155,-0.0185669157654047,0.5430740118026733,0.3841439187526703,-0.01745743863284588,0.5115058422088623,0.39479994773864746,-0.015000315383076668,0.48064491152763367,0.3820822238922119,-0.014753498136997223,0.49652013182640076,0.4143264591693878,-0.029460614547133446,0.5374221801757812,0.44696271419525146,-0.012565859593451023,0.5086424350738525,0.44725653529167175,-0.0010579579975456,0.4759021997451782,0.435718297958374,-0.0012631737627089024,0.4803033769130707,0.48667430877685547,-0.037181418389081955,0.5165860652923584,0.5033097267150879,-0.01621011272072792,0.49076685309410095,0.5030986070632935,0.0010553563479334116,0.4589609205722809,0.49301207065582275,0.0023830453865230083,0.45856907963752747,0.5496746897697449,-0.044779326766729355,0.4862261712551117,0.5528204441070557,-0.02526489831507206,0.4612480103969574,0.547938346862793,-0.004631467163562775,0.43534520268440247,0.5402196645736694,0.004941722843796015
yes,0.30678439140319824,0.45879390835762024,-3.90427118190928e-07,0.35241279006004333,0.3541012108325958,0.005237293895334005,0.4035102427005768,0.27737167477607727,-0.009773693978786469,0.43544894456863403,0.1975887417793274,-0.02652127854526043,0.4337729513645172,0.12357333302497864,-0.04136615991592407,0.5013291239738464,0.33916202187538147,-0.021820448338985443,0.5459783673286438,0.38527005910873413,-0.019879117608070374,0.5161699652671814,0.3976457715034485,-0.015243342146277428,0.4864526689052582,0.3857586085796356,-0.013538792729377747,0.5009751319885254,0.4164232611656189,-0.03151111304759979,0.539652943611145,0.4490315914154053,-0.014963297173380852,0.5106080770492554,0.4496903419494629,-0.0027765643317252398,0.479021281003952,0.43850842118263245,-0.002353382296860218,0.48505866527557373,0.4887573719024658,-0.03786677494645119,0.5186165571212769,0.5064529180526733,-0.017515577375888824,0.4930383563041687,0.5055806040763855,-0.00026587635511532426,0.4620189964771271,0.49469703435897827,0.0011811318108811975,0.463318794965744,0.5511716604232788,-0.044115468859672546,0.48684829473495483,0.5558812022209167,-0.025368059054017067,0.46253010630607605,0.5507293939590454,-0.005377608817070723,0.4377889931201935,0.5419529676437378,0.0039784228429198265
yes,0.30664417147636414,0.4585794508457184,-3.8897476883903437e-07,0.3531342148780823,0.3513047993183136,0.006212509702891111,0.4053472876548767,0.2747272253036499,-0.008331804536283016,0.4381257891654968,0.19544929265975952,-0.02475016936659813,0.4369957149028778,0.1214824914932251,-0.03926927596330643,0.5034893155097961,0.3402526378631592,-0.019428517669439316,0.5459074974060059,0.38535836338996887,-0.014778737910091877,0.5162647366523743,0.3962915241718292,-0.008417419157922268,0.4871353209018707,0.38488274812698364,-0.005942046642303467,0.5035312175750732,0.41832834482192993,-0.028854990378022194,0.540424108505249,0.4478919208049774,-0.010171672329306602,0.5115949511528015,0.4474211037158966,0.0028099927585572004,0.4803718030452728,0.43736371397972107,0.003473513061180711,0.4873703420162201,0.4903838634490967,-0.03472176194190979,0.5199000835418701,0.5045100450515747,-0.012424640357494354,0.49472951889038086,0.5036545991897583,0.00501642469316721,0.4634259343147278,0.49408552050590515,0.0062828389927744865,0.4656146466732025,0.5520726442337036,-0.040394194424152374,0.48830944299697876,0.5537519454956055,-0.019951654598116875,0.46508628129959106,0.5490090847015381,0.0003189077542629093,0.4404129683971405,0.541523814201355,0.009630623273551464
yes,0.3072570562362671,0.45889919996261597,-3.812916702372604e-07,0.3538261651992798,0.351419597864151,0.0062625836580991745,0.40536707639694214,0.2735494375228882,-0.008191780187189579,0.4376421868801117,0.19469866156578064,-0.024537228047847748,0.43689578771591187,0.12143772840499878,-0.03896100074052811,0.5029746890068054,0.3384799063205719,-0.020063238218426704,0.545944094657898,0.38442760705947876,-0.016715532168745995,0.516529381275177,0.39562690258026123,-0.011098984628915787,0.4876364767551422,0.3840951919555664,-0.008934163488447666,0.503104567527771,0.4164062738418579,-0.030028067529201508,0.5408391952514648,0.4474976658821106,-0.012768777087330818,0.5120112299919128,0.44737762212753296,-0.00017141974240075797,0.48052260279655457,0.4369853138923645,0.0006418623961508274,0.48736289143562317,0.4886818826198578,-0.036585886031389236,0.5197726488113403,0.5046759843826294,-0.015496784821152687,0.49436071515083313,0.5039887428283691,0.0016611026367172599,0.46323221921920776,0.49418675899505615,0.003095147665590048,0.46556735038757324,0.5510540008544922,-0.0429849736392498,0.4877648949623108,0.5548103451728821,-0.02365204133093357,0.46390265226364136,0.5499231219291687,-0.0038918503560125828,0.43922534584999084,0.5422518849372864,0.0053494698368012905
yes,0.306497722864151,0.4609661400318146,-3.766982388242468e-07,0.3531038165092468,0.35120970010757446,0.005880129989236593,0.4057992696762085,0.2730250656604767,-0.008588279597461224,0.43801257014274597,0.1930670589208603,-0.024869320914149284,0.4364425837993622,0.11887544393539429,-0.03924351558089256,0.5026963949203491,0.33775559067726135,-0.019773731008172035,0.5457184314727783,0.38241279125213623,-0.01610272191464901,0.5158329010009766,0.3928942382335663,-0.010776502080261707,0.4870170056819916,0.38243547081947327,-0.008967367932200432,0.5027769804000854,0.4167066514492035,-0.029152994975447655,0.5419986248016357,0.44535720348358154,-0.011667276732623577,0.5132312774658203,0.44408923387527466,0.0007309576030820608,0.48166000843048096,0.43493571877479553,0.0013128690188750625,0.4869193732738495,0.4893447160720825,-0.0350680835545063,0.5212005972862244,0.5022489428520203,-0.013634550385177135,0.49600186944007874,0.5013648867607117,0.0035246217157691717,0.4646526277065277,0.49317866563796997,0.004921652376651764,0.4655419886112213,0.5514330863952637,-0.040815211832523346,0.4893558919429779,0.552668571472168,-0.020757073536515236,0.46603089570999146,0.5480841398239136,-0.000610229792073369,0.44140058755874634,0.5420355200767517,0.008735286071896553
yes,0.3071528673171997,0.46107038855552673,-3.841327043119236e-07,0.3525041341781616,0.35111626982688904,0.005835134536027908,0.40498894453048706,0.27272647619247437,-0.009116052649915218,0.4378388226032257,0.19270381331443787,-0.025873728096485138,0.4364188611507416,0.11737716197967529,-0.04076997935771942,0.5035066604614258,0.33713874220848083,-0.019944163039326668,0.5460479259490967,0.3837835490703583,-0.01615879312157631,0.515774130821228,0.3937329947948456,-0.010953625664114952,0.4868375062942505,0.3824586272239685,-0.009259868413209915,0.503319263458252,0.41533076763153076,-0.02923635207116604,0.5415626764297485,0.44540494680404663,-0.011317593045532703,0.5124971866607666,0.4438607096672058,0.0012802943820133805,0.48083987832069397,0.43445339798927307,0.0018724141409620643,0.4870820641517639,0.48774319887161255,-0.03501461073756218,0.5202183723449707,0.5012403726577759,-0.012993150390684605,0.49506446719169617,0.5003777146339417,0.0044449977576732635,0.46379005908966064,0.4922642409801483,0.0058518387377262115,0.4657222628593445,0.5497356057167053,-0.04064294695854187,0.4887043833732605,0.5508016347885132,-0.01999647542834282,0.46519526839256287,0.5459628105163574,0.00045123256859369576,0.44061964750289917,0.5398321151733398,0.009884903207421303
yes,0.3062490224838257,0.4620443284511566,-3.817887090917793e-07,0.3507930040359497,0.35115960240364075,0.006834497209638357,0.404029905796051,0.2714313864707947,-0.006841997615993023,0.4369952976703644,0.19171302020549774,-0.02259954810142517,0.4348755180835724,0.11743798851966858,-0.03654569759964943,0.5030814409255981,0.3337002694606781,-0.01649651490151882,0.5467454791069031,0.382094144821167,-0.012121103703975677,0.5166688561439514,0.3933015465736389,-0.007131713908165693,0.4877515733242035,0.3819519579410553,-0.0056066252291202545,0.503288745880127,0.4112541377544403,-0.02611427940428257,0.5408357381820679,0.44424110651016235,-0.0070255715399980545,0.5115984678268433,0.4444178342819214,0.005538505967706442,0.4803242087364197,0.434945672750473,0.006079014390707016,0.48762691020965576,0.48400643467903137,-0.03239922970533371,0.5200083255767822,0.4999755024909973,-0.009779266081750393,0.4946277141571045,0.500137448310852,0.007231042720377445,0.46336114406585693,0.49160027503967285,0.008441440761089325,0.46672508120536804,0.5466129183769226,-0.03851725906133652,0.4890788793563843,0.5488458275794983,-0.017152968794107437,0.46554356813430786,0.5448766946792603,0.0032883891835808754,0.440857470035553,0.5386500358581543,0.01271547470241785
yes,0.30557307600975037,0.46227461099624634,-3.917955382348737e-07,0.3491942882537842,0.35109585523605347,0.006172277964651585,0.40264666080474854,0.27072861790657043,-0.00763280363753438,0.4356550872325897,0.1906752586364746,-0.02321535535156727,0.4330323338508606,0.11626288294792175,-0.03692527487874031,0.5026138424873352,0.331976979970932,-0.017984388396143913,0.547590434551239,0.38252365589141846,-0.01303266640752554,0.5157678127288818,0.39274972677230835,-0.007435127627104521,0.4859553873538971,0.38003718852996826,-0.0056416490115225315,0.5025302171707153,0.4101242423057556,-0.02705712988972664,0.5405226945877075,0.44379669427871704,-0.007618090137839317,0.5107706785202026,0.4436183571815491,0.005148827098309994,0.4794091582298279,0.43398845195770264,0.005617670714855194,0.48670971393585205,0.4831966757774353,-0.03263196349143982,0.5195450186729431,0.4992193579673767,-0.009471017867326736,0.4941841959953308,0.4988076984882355,0.007910313084721565,0.462913453578949,0.4898737668991089,0.009122204966843128,0.4662126898765564,0.5454673767089844,-0.038066305220127106,0.48903021216392517,0.5471178293228149,-0.016344929113984108,0.46521931886672974,0.5430872440338135,0.004393479321151972,0.4404837191104889,0.5366542339324951,0.013861854560673237
yes,0.304751455783844,0.45957139134407043,-3.9685625097263255e-07,0.3482305407524109,0.3489404618740082,0.005353325977921486,0.4015950560569763,0.268756628036499,-0.00888452772051096,0.4349398910999298,0.18875373899936676,-0.024857468903064728,0.4325276017189026,0.1145315170288086,-0.03890911862254143,0.5017613768577576,0.3295878469944,-0.018215496093034744,0.5469698905944824,0.3799796402454376,-0.01424899697303772,0.5156461000442505,0.3916371464729309,-0.009418826550245285,0.48579344153404236,0.37917375564575195,-0.007997844368219376,0.5018236637115479,0.407335489988327,-0.02742641791701317,0.5397647619247437,0.4418712854385376,-0.008931299671530724,0.5098697543144226,0.442695677280426,0.003265537554398179,0.47834235429763794,0.4327206611633301,0.003592292545363307,0.4863426089286804,0.4806343615055084,-0.03333551436662674,0.5189279317855835,0.4971044063568115,-0.011164453811943531,0.493418425321579,0.49727386236190796,0.006057183723896742,0.46216708421707153,0.4882241487503052,0.007495664060115814,0.4657951891422272,0.5435733199119568,-0.03918640315532684,0.48938509821891785,0.5450407266616821,-0.018258430063724518,0.4655362665653229,0.5413569211959839,0.002513631246984005,0.4403935372829437,0.5347621440887451,0.012265920639038086
yes,0.3015782833099365,0.45403939485549927,-4.0567169889982324e-07,0.3464658856391907,0.3426244258880615,0.006559563800692558,0.39926716685295105,0.26178428530693054,-0.0072735087014734745,0.43177664279937744,0.1820659637451172,-0.0229824036359787,0.4304169714450836,0.10878178477287292,-0.03668934106826782,0.497043251991272,0.3244919776916504,-0.018016181886196136,0.5440014600753784,0.3708992302417755,-0.013021286576986313,0.5122305154800415,0.38123586773872375,-0.007518071681261063,0.48249495029449463,0.3682420551776886,-0.0058380370028316975,0.49797168374061584,0.40137040615081787,-0.02724958397448063,0.5362265110015869,0.43105247616767883,-0.007191777229309082,0.5076184868812561,0.431851863861084,0.005892889574170113,0.47752416133880615,0.423021525144577,0.006045888178050518,0.48340675234794617,0.47331535816192627,-0.032977551221847534,0.5175237059593201,0.486380398273468,-0.009116523899137974,0.4935474693775177,0.4866461157798767,0.009019434452056885,0.4627813696861267,0.47874024510383606,0.010337748564779758,0.46464210748672485,0.5351029634475708,-0.03856251761317253,0.4908496141433716,0.5324553847312927,-0.016141578555107117,0.4681277573108673,0.5282926559448242,0.005447738338261843,0.44288164377212524,0.5226229429244995,0.015287737362086773
yes,0.3007699251174927,0.4547431170940399,-3.904114862507413e-07,0.3434143364429474,0.3436259627342224,0.005446321330964565,0.39638516306877136,0.2608601450920105,-0.008236326277256012,0.42886459827423096,0.18106256425380707,-0.023956073448061943,0.42654579877853394,0.10780259966850281,-0.03769419342279434,0.4954903721809387,0.32162877917289734,-0.014463734813034534,0.5445590615272522,0.3652515113353729,-0.011311342008411884,0.5136610865592957,0.37791958451271057,-0.008470413275063038,0.4832814335823059,0.3664892315864563,-0.008134022355079651,0.4958150386810303,0.3977198302745819,-0.023487107828259468,0.5367575883865356,0.4260714650154114,-0.004983627703040838,0.508852481842041,0.4295586049556732,0.005879316944628954,0.478232204914093,0.42088860273361206,0.005249784793704748,0.4818207621574402,0.4695788621902466,-0.029569203034043312,0.5175659656524658,0.48128095269203186,-0.0070715476758778095,0.49406376481056213,0.48336583375930786,0.009641719982028008,0.463365375995636,0.47614002227783203,0.01089124009013176,0.46355658769607544,0.5319949984550476,-0.035610001534223557,0.49419471621513367,0.5269227027893066,-0.013757659122347832,0.471943199634552,0.5232471227645874,0.007756176870316267,0.4460866451263428,0.518220841884613,0.018026750534772873
yes,0.29854488372802734,0.4542126953601837,-4.239679753936798e-07,0.3399338126182556,0.3426205515861511,0.004731312394142151,0.39471569657325745,0.25896257162094116,-0.008116944693028927,0.42730724811553955,0.17912550270557404,-0.022941837087273598,0.423679381608963,0.10703560709953308,-0.03585231304168701,0.49513643980026245,0.3228863775730133,-0.012199444696307182,0.5413705110549927,0.36249321699142456,-0.009823871776461601,0.5103039145469666,0.3744085133075714,-0.008632341399788857,0.4794825315475464,0.3634722828865051,-0.009365673176944256,0.4954133629798889,0.39838021993637085,-0.021123040467500687,0.5332341194152832,0.4262901246547699,-0.002903902204707265,0.5043560266494751,0.4290115535259247,0.007147733122110367,0.4738461375236511,0.42061400413513184,0.006218000315129757,0.4806036353111267,0.47033900022506714,-0.02746056765317917,0.5149371027946472,0.48264363408088684,-0.005875819828361273,0.4900491237640381,0.48353761434555054,0.010335669852793217,0.45928603410720825,0.47620275616645813,0.01165219396352768,0.4605346620082855,0.5333110094070435,-0.03387947753071785,0.48906126618385315,0.5292748212814331,-0.013150108978152275,0.4655539095401764,0.524662971496582,0.008054853416979313,0.439700186252594,0.5195683240890503,0.018443675711750984
yes,0.2971079349517822,0.4489646255970001,-4.2342219330748776e-07,0.34029340744018555,0.33910539746284485,0.005071794148534536,0.3932287096977234,0.25811100006103516,-0.00885688979178667,0.4248228371143341,0.1784040480852127,-0.02470470406115055,0.42247703671455383,0.10524168610572815,-0.03856799751520157,0.49317872524261475,0.3219393789768219,-0.015406286343932152,0.5410088300704956,0.363126277923584,-0.012790244072675705,0.5095112919807434,0.3746359348297119,-0.010323930531740189,0.47852933406829834,0.36355409026145935,-0.01015961542725563,0.4931824207305908,0.39825767278671265,-0.024319468066096306,0.531954288482666,0.4251846969127655,-0.006083168089389801,0.5032210946083069,0.4277211129665375,0.004669140093028545,0.4727209806442261,0.4195438623428345,0.003928272053599358,0.4783027172088623,0.4702399671077728,-0.030261045321822166,0.5132452249526978,0.4805595874786377,-0.008349526673555374,0.48890191316604614,0.48202645778656006,0.00862839724868536,0.45826420187950134,0.4752695560455322,0.01015491783618927,0.458734393119812,0.5325762033462524,-0.036128707230091095,0.4892600476741791,0.5266396999359131,-0.014970572665333748,0.4661959409713745,0.5223416686058044,0.006863872986286879,0.4400457739830017,0.5177375078201294,0.017532162368297577
yes,0.29345256090164185,0.4499676525592804,-4.075478159393242e-07,0.3368360996246338,0.33930158615112305,0.007773580960929394,0.38905420899391174,0.2597028315067291,-0.005382209550589323,0.4201982021331787,0.1800149828195572,-0.020813127979636192,0.41946694254875183,0.10634851455688477,-0.03428589552640915,0.49140340089797974,0.3196363151073456,-0.012607318349182606,0.5385627746582031,0.3617846965789795,-0.007092278450727463,0.5067862272262573,0.37441983819007874,-0.00254044053144753,0.4765315651893616,0.36344167590141296,-0.0011243107728660107,0.4919617176055908,0.3958890736103058,-0.02182837948203087,0.5304265022277832,0.4240865111351013,-0.0007925958489067852,0.5012245774269104,0.4274136424064636,0.011511970311403275,0.47087782621383667,0.41905465722084045,0.01172076165676117,0.4769645035266876,0.4672601819038391,-0.0276890117675066,0.5115535855293274,0.47937703132629395,-0.0026891492307186127,0.48755043745040894,0.48087185621261597,0.0147333275526762,0.4566674530506134,0.47292381525039673,0.016021275892853737,0.45740804076194763,0.5283761024475098,-0.03327818587422371,0.4863581657409668,0.5237277150154114,-0.009402788244187832,0.46345239877700806,0.5195443630218506,0.012741809710860252,0.43733277916908264,0.5141551494598389,0.02324002981185913
yes,0.2925035357475281,0.44700887799263,-4.032058313896414e-07,0.33493757247924805,0.3371512293815613,0.007675088942050934,0.38663822412490845,0.25765588879585266,-0.005436509847640991,0.4181602895259857,0.17803317308425903,-0.02068055048584938,0.41756927967071533,0.10480391979217529,-0.03390808776021004,0.487684041261673,0.31804755330085754,-0.013364040292799473,0.5361695885658264,0.3598783314228058,-0.007213509175926447,0.5044213533401489,0.371894508600235,-0.0017794007435441017,0.47400784492492676,0.36036914587020874,0.00010229655163129792,0.488474577665329,0.3939848244190216,-0.02232888527214527,0.5282341241836548,0.4208691716194153,-0.000738498056307435,0.4993504583835602,0.4232485592365265,0.012091992422938347,0.4691423773765564,0.4141834080219269,0.012420076876878738,0.47369298338890076,0.4654731750488281,-0.02781282179057598,0.50853031873703,0.4759525656700134,-0.002608790062367916,0.4843374788761139,0.4776226282119751,0.015199674293398857,0.4535346031188965,0.4703367352485657,0.01655549556016922,0.4543841779232025,0.5272064208984375,-0.032965775579214096,0.48313090205192566,0.5212438106536865,-0.009357737377285957,0.4600328207015991,0.5176715850830078,0.012778524309396744,0.4344050884246826,0.5134791731834412,0.023225171491503716
yes,0.2899016737937927,0.44217491149902344,-3.954102396619419e-07,0.3319888114929199,0.33454781770706177,0.006242825649678707,0.38378164172172546,0.25553184747695923,-0.007659471593797207,0.41505157947540283,0.17521058022975922,-0.02341204695403576,0.4128760099411011,0.10204043984413147,-0.037124890834093094,0.4849441945552826,0.3146812915802002,-0.015550512820482254,0.5329287052154541,0.3567260503768921,-0.00985775887966156,0.5010644197463989,0.3687117397785187,-0.0044106291607022285,0.47036102414131165,0.35687050223350525,-0.0024356073699891567,0.48552218079566956,0.3915984034538269,-0.02398490533232689,0.524368941783905,0.4187700152397156,-0.002649464411661029,0.4954102039337158,0.42070698738098145,0.010552281513810158,0.4651660621166229,0.411474347114563,0.011226842179894447,0.47048214077949524,0.46352434158325195,-0.028989043086767197,0.505329430103302,0.474785178899765,-0.00401923106983304,0.48115548491477966,0.475777268409729,0.013956747949123383,0.4499671161174774,0.4681268334388733,0.015478722751140594,0.4508422613143921,0.5254106521606445,-0.03380753844976425,0.4777732789516449,0.5200535655021667,-0.01078224740922451,0.45462659001350403,0.5161765813827515,0.010989103466272354,0.42913079261779785,0.5117295384407043,0.021306656301021576
yes,0.28674203157424927,0.43858057260513306,-3.8305532257254526e-07,0.32964271306991577,0.33105841279029846,0.00724954716861248,0.38136929273605347,0.2530934810638428,-0.006565364543348551,0.41230127215385437,0.17277421057224274,-0.022508805617690086,0.4097234606742859,0.09930244088172913,-0.036528851836919785,0.4804525375366211,0.3138694763183594,-0.0150926373898983,0.5307453870773315,0.3551352620124817,-0.009374316781759262,0.5004111528396606,0.3668857514858246,-0.0034211024176329374,0.4698311388492584,0.3563128709793091,-0.0009104488999582827,0.481003075838089,0.3909401297569275,-0.02405664138495922,0.5227221250534058,0.4178711771965027,-0.0024127280339598656,0.4944395124912262,0.41926321387290955,0.011555529199540615,0.46378403902053833,0.41014763712882996,0.012765862978994846,0.4662041962146759,0.46265602111816406,-0.029621655121445656,0.5027576088905334,0.4733765423297882,-0.004004256334155798,0.47858959436416626,0.4740716218948364,0.014512750320136547,0.44707441329956055,0.46663138270378113,0.01613200083374977,0.4467872381210327,0.5245974063873291,-0.03497842699289322,0.474084734916687,0.5192650556564331,-0.011721093207597733,0.45086753368377686,0.5153613686561584,0.009984674863517284,0.4252883493900299,0.5108676552772522,0.020085260272026062
no,0.49861645698547363,0.695500910282135,2.3129423709633556e-07,0.4522995352745056,0.6648622751235962,-0.013252670876681805,0.4235614836215973,0.5895435214042664,-0.020271752029657364,0.427844375371933,0.5221996903419495,-0.03014340065419674,0.4428342282772064,0.47867751121520996,-0.04015474393963814,0.44931089878082275,0.5198487043380737,-0.008558465167880058,0.44078966975212097,0.4544861316680908,-0.026431020349264145,0.4344184100627899,0.41761648654937744,-0.038304101675748825,0.43040892481803894,0.3892066776752472,-0.045852892100811005,0.48455753922462463,0.5157216191291809,-0.016048584133386612,0.47985056042671204,0.43699461221694946,-0.03726307675242424,0.4726096987724304,0.3982921838760376,-0.04890027269721031,0.4679591655731201,0.3657582998275757,-0.054157014936208725,0.5215809345245361,0.5278232097625732,-0.025843415409326553,0.5160703063011169,0.45702633261680603,-0.05741941183805466,0.5086856484413147,0.5110383629798889,-0.05550812557339668,0.5047948360443115,0.5591105222702026,-0.04487296938896179,0.5610593557357788,0.5518061518669128,-0.03631950914859772,0.5575259327888489,0.4878690838813782,-0.06011607497930527,0.5491156578063965,0.5145058631896973,-0.055102813988924026,0.5432243943214417,0.5465533137321472,-0.045529481023550034
no,0.494107723236084,0.6934034824371338,3.2768591040621686e-07,0.4493541419506073,0.6665946245193481,-0.020443016663193703,0.4188234210014343,0.5903077721595764,-0.0312710739672184,0.42237773537635803,0.5242127180099487,-0.04434353858232498,0.4442541301250458,0.47697532176971436,-0.05688195303082466,0.4410788416862488,0.5083745718002319,-0.010400119237601757,0.4267483055591583,0.4353315234184265,-0.03092486783862114,0.417203813791275,0.3857535719871521,-0.04367620497941971,0.4109262228012085,0.34509769082069397,-0.051749132573604584,0.4802549183368683,0.5057865381240845,-0.016447942703962326,0.4704703688621521,0.42400509119033813,-0.04180809110403061,0.45930519700050354,0.37797120213508606,-0.054861024022102356,0.4510144293308258,0.3371402621269226,-0.059376370161771774,0.5204574465751648,0.5211745500564575,-0.026000332087278366,0.5094826221466064,0.45249587297439575,-0.06436152756214142,0.4984230697154999,0.513407289981842,-0.06406372785568237,0.4939427375793457,0.5655078887939453,-0.051629889756441116,0.5614851713180542,0.547713577747345,-0.036742281168699265,0.5523722767829895,0.48941439390182495,-0.06576448678970337,0.5403954982757568,0.5234721302986145,-0.06220664083957672,0.5350137948989868,0.5615050196647644,-0.05169001221656799
no,0.4798782765865326,0.6874243021011353,8.346950863824532e-08,0.44566115736961365,0.6623204350471497,-0.03380420431494713,0.4128514230251312,0.5899644494056702,-0.05443231761455536,0.41376563906669617,0.5270455479621887,-0.07360713183879852,0.4376675486564636,0.47642457485198975,-0.09143456816673279,0.42514827847480774,0.4788394272327423,-0.026703516021370888,0.4099011719226837,0.39992040395736694,-0.06211144104599953,0.40059012174606323,0.3357533812522888,-0.08498356491327286,0.39622506499290466,0.28771835565567017,-0.10006624460220337,0.4699501693248749,0.4795791506767273,-0.0293356291949749,0.4620528817176819,0.4051866829395294,-0.079158715903759,0.45183050632476807,0.4816610813140869,-0.08637969195842743,0.4511180520057678,0.5369839668273926,-0.07615327090024948,0.5147719979286194,0.5024091601371765,-0.037577074021101,0.5062529444694519,0.45560866594314575,-0.08488153666257858,0.49113279581069946,0.5311457514762878,-0.07033798843622208,0.4882955551147461,0.5738201141357422,-0.04547220095992088,0.559680700302124,0.5376774072647095,-0.048886410892009735,0.5543422102928162,0.4910072386264801,-0.07752016186714172,0.535753071308136,0.5361343622207642,-0.06380383670330048,0.5273326635360718,0.5657845735549927,-0.04497509077191353
no,0.4782561957836151,0.6987701058387756,-1.460230070193802e-08,0.4412814676761627,0.6693504452705383,-0.03791368752717972,0.4089255630970001,0.5969575643539429,-0.06368641555309296,0.4092051684856415,0.5350509285926819,-0.08816977590322495,0.4298865795135498,0.48021748661994934,-0.11050211638212204,0.42638182640075684,0.474559485912323,-0.031544290482997894,0.404971718788147,0.38832053542137146,-0.06848428398370743,0.3858596682548523,0.31977543234825134,-0.09058593213558197,0.37463027238845825,0.26734378933906555,-0.10535633563995361,0.47163912653923035,0.4797939360141754,-0.03457503393292427,0.4611703157424927,0.4074012041091919,-0.08789990097284317,0.44530022144317627,0.48950454592704773,-0.09495081752538681,0.4434937536716461,0.5409108996391296,-0.08463935554027557,0.5156176090240479,0.5037620067596436,-0.043812017887830734,0.5015290975570679,0.4631911814212799,-0.09317348897457123,0.4834161102771759,0.5385719537734985,-0.07772897183895111,0.48209598660469055,0.5759713649749756,-0.052891481667757034,0.5587360262870789,0.540152370929718,-0.05685514211654663,0.5504874587059021,0.49263691902160645,-0.08479300886392593,0.5280974507331848,0.5387774705886841,-0.0704784244298935,0.520089328289032,0.5677052736282349,-0.052164290100336075
no,0.4751911759376526,0.7067983150482178,-1.564755969241105e-08,0.43503043055534363,0.6711689829826355,-0.041375819593667984,0.4035639464855194,0.6027587056159973,-0.07144540548324585,0.40322983264923096,0.5431322455406189,-0.10001330077648163,0.424091100692749,0.4875500500202179,-0.12596085667610168,0.41844919323921204,0.4725340008735657,-0.03592228516936302,0.40064898133277893,0.38622409105300903,-0.07641536742448807,0.3857766091823578,0.32231977581977844,-0.10116694122552872,0.37934058904647827,0.2725648581981659,-0.11720150709152222,0.46479979157447815,0.48008158802986145,-0.038260966539382935,0.4560212194919586,0.4109318256378174,-0.09475525468587875,0.4394068419933319,0.49499449133872986,-0.10301079601049423,0.4365643560886383,0.5439676642417908,-0.09332331269979477,0.5101528763771057,0.5050281882286072,-0.047340989112854004,0.4976481795310974,0.46523454785346985,-0.09736260026693344,0.4793449640274048,0.5407519340515137,-0.08127591758966446,0.47727811336517334,0.576102077960968,-0.0563991405069828,0.5548533201217651,0.5421281456947327,-0.06078049913048744,0.5467102527618408,0.496444970369339,-0.08746524155139923,0.5229937434196472,0.5426072478294373,-0.0724283903837204,0.5140721797943115,0.5691131949424744,-0.053992997854948044
no,0.47152069211006165,0.7108421325683594,4.850612000950605e-08,0.43027788400650024,0.6762303113937378,-0.047483477741479874,0.39568430185317993,0.6093457341194153,-0.08307809382677078,0.3942534923553467,0.5491759777069092,-0.116607666015625,0.4170079827308655,0.4899791479110718,-0.14737199246883392,0.41264092922210693,0.46835386753082275,-0.04329920932650566,0.40243443846702576,0.3783529996871948,-0.0858512744307518,0.39362773299217224,0.3148941397666931,-0.11070670932531357,0.3927443325519562,0.2671915888786316,-0.12615126371383667,0.46032774448394775,0.4799608290195465,-0.04395128786563873,0.45144355297088623,0.4141238331794739,-0.10169783979654312,0.4350983798503876,0.501986026763916,-0.10816590487957001,0.4336581230163574,0.5477312803268433,-0.09698536247015,0.5063575506210327,0.5063924193382263,-0.05208870768547058,0.49380290508270264,0.46922460198402405,-0.10367565602064133,0.47561007738113403,0.5470374226570129,-0.08613820374011993,0.4735020101070404,0.5791359543800354,-0.06022017449140549,0.5514154434204102,0.5439971685409546,-0.06517606228590012,0.5418177247047424,0.4988556504249573,-0.09284715354442596,0.519447922706604,0.547728955745697,-0.07712091505527496,0.511484682559967,0.5729466676712036,-0.058163225650787354
no,0.45788002014160156,0.718414843082428,-3.890321309540923e-08,0.41654279828071594,0.681117057800293,-0.04234371706843376,0.37764477729797363,0.6159127354621887,-0.07553329318761826,0.36921426653862,0.5573644042015076,-0.10771740972995758,0.39014768600463867,0.5030503869056702,-0.1372465193271637,0.40338966250419617,0.471914142370224,-0.03815329074859619,0.38919249176979065,0.3802799582481384,-0.07716945558786392,0.37857574224472046,0.31895697116851807,-0.09909293055534363,0.378989040851593,0.27388596534729004,-0.11275222152471542,0.44887396693229675,0.4856517016887665,-0.04069479554891586,0.43624821305274963,0.4239661991596222,-0.09465917944908142,0.41746723651885986,0.5126826763153076,-0.09916764497756958,0.418951153755188,0.5575259923934937,-0.08760368824005127,0.4940240979194641,0.5126742124557495,-0.050432682037353516,0.4797375202178955,0.4760706424713135,-0.09858141094446182,0.4596147835254669,0.5512886643409729,-0.08022945374250412,0.4599680006504059,0.5815893411636353,-0.05493581295013428,0.538288950920105,0.5510035157203674,-0.06484978646039963,0.525205135345459,0.5073358416557312,-0.09039805829524994,0.5010212659835815,0.5567594766616821,-0.07424844801425934,0.4953615367412567,0.582858145236969,-0.05557869002223015
no,0.45064470171928406,0.7186880111694336,4.099956818492956e-09,0.4091886579990387,0.682328462600708,-0.048327311873435974,0.37012025713920593,0.616755485534668,-0.08521907776594162,0.3611488342285156,0.5595511198043823,-0.12052428722381592,0.3813048005104065,0.5007675290107727,-0.15295454859733582,0.3959933817386627,0.46992015838623047,-0.04390382394194603,0.3795718848705292,0.3763078451156616,-0.08542658388614655,0.36672359704971313,0.31312426924705505,-0.10902081429958344,0.36548250913619995,0.2652043402194977,-0.12377797067165375,0.4428832530975342,0.4844096302986145,-0.044933516532182693,0.4317043125629425,0.4187502861022949,-0.10347288846969604,0.4112463593482971,0.5086213946342468,-0.1101851835846901,0.4103105962276459,0.5573321580886841,-0.09884441643953323,0.48903214931488037,0.5132036209106445,-0.053476620465517044,0.4734753668308258,0.4728260338306427,-0.10584618896245956,0.4533833861351013,0.5531880855560303,-0.08798141032457352,0.4531666040420532,0.5891892910003662,-0.06138995662331581,0.5346500277519226,0.553795576095581,-0.06702353805303574,0.5213139057159424,0.5076109170913696,-0.09465821832418442,0.4970676898956299,0.5565227270126343,-0.07859272509813309,0.49091723561286926,0.5834602117538452,-0.059171564877033234
no,0.4457925856113434,0.7222307324409485,1.2157728157546899e-08,0.40207627415657043,0.68537837266922,-0.04782860726118088,0.36106783151626587,0.6208500266075134,-0.0860796645283699,0.35279080271720886,0.5624401569366455,-0.12320371717214584,0.3741653859615326,0.5045631527900696,-0.15751507878303528,0.3876059055328369,0.4696388244628906,-0.0437808521091938,0.3723205626010895,0.3766997456550598,-0.08562622964382172,0.3600364029407501,0.31233733892440796,-0.1083705946803093,0.36079180240631104,0.26540428400039673,-0.12220051884651184,0.4355565309524536,0.484350323677063,-0.045181967318058014,0.42567017674446106,0.4186010956764221,-0.10260868072509766,0.4049678444862366,0.5116692185401917,-0.10663492977619171,0.40544623136520386,0.5592077970504761,-0.09330259263515472,0.48352691531181335,0.5123987197875977,-0.0542806051671505,0.4683681130409241,0.4707256257534027,-0.10486584901809692,0.4482814073562622,0.5522022247314453,-0.08408639580011368,0.44982704520225525,0.5872310996055603,-0.0559716634452343,0.5309066772460938,0.5529847741127014,-0.06857696175575256,0.5165022611618042,0.5078445076942444,-0.09428341686725616,0.492812842130661,0.5573470592498779,-0.07641110569238663,0.48897993564605713,0.5834386348724365,-0.05597848445177078
no,0.4501875638961792,0.7205934524536133,-3.6850732243465245e-08,0.4007788300514221,0.6861094236373901,-0.04420342668890953,0.35449743270874023,0.6228092312812805,-0.0797024741768837,0.3457757830619812,0.5638119578361511,-0.11391990631818771,0.3673757016658783,0.5043970346450806,-0.14518409967422485,0.38180941343307495,0.4683551788330078,-0.043565087020397186,0.3657917082309723,0.37170082330703735,-0.0842362642288208,0.353647381067276,0.30886638164520264,-0.10628056526184082,0.35319283604621887,0.2622898519039154,-0.11988868564367294,0.4314234256744385,0.4815143644809723,-0.04613013565540314,0.41926583647727966,0.41800984740257263,-0.10313421487808228,0.4002344310283661,0.5120516419410706,-0.10758485645055771,0.4018062651157379,0.5614294409751892,-0.09506520628929138,0.48036912083625793,0.5090312361717224,-0.05574017018079758,0.46241331100463867,0.4701399803161621,-0.1063816100358963,0.4439474642276764,0.5531994700431824,-0.08632271736860275,0.4468855559825897,0.586670994758606,-0.05900527164340019,0.5291824340820312,0.5483030676841736,-0.06994824856519699,0.5103475451469421,0.5061702132225037,-0.09614351391792297,0.4881734251976013,0.5583117604255676,-0.07819526642560959,0.4859255850315094,0.5825482606887817,-0.05768176540732384
no,0.45184096693992615,0.7202202081680298,-9.702932146637977e-08,0.40168139338493347,0.688915491104126,-0.04464060813188553,0.354288786649704,0.6268372535705566,-0.07982844114303589,0.3437730073928833,0.5678693056106567,-0.11350350081920624,0.36391058564186096,0.5044540166854858,-0.14450082182884216,0.38230201601982117,0.46476662158966064,-0.045532941818237305,0.3615114688873291,0.36287522315979004,-0.08496474474668503,0.3435405492782593,0.29904574155807495,-0.10694479197263718,0.33518511056900024,0.25013917684555054,-0.12129393965005875,0.43255794048309326,0.47848212718963623,-0.04812019690871239,0.4135248363018036,0.41791537404060364,-0.1045803353190422,0.39676928520202637,0.5120972990989685,-0.1102326437830925,0.3994418978691101,0.5680672526359558,-0.09965398907661438,0.48158779740333557,0.5081499218940735,-0.05742571875452995,0.4590461552143097,0.4644497036933899,-0.10959368944168091,0.4399051070213318,0.5520713329315186,-0.0908026471734047,0.44078758358955383,0.5950973629951477,-0.06447870284318924,0.530745804309845,0.5495932102203369,-0.07103512436151505,0.5099223852157593,0.502690851688385,-0.10131847113370895,0.4857393503189087,0.5600128173828125,-0.08503156900405884,0.47996723651885986,0.5933260321617126,-0.06521517038345337
no,0.46049556136131287,0.7201178073883057,1.411519292560115e-07,0.40709036588668823,0.6930328011512756,-0.043936073780059814,0.35578224062919617,0.6333344578742981,-0.07888621091842651,0.3429407477378845,0.572477400302887,-0.11226321011781693,0.3639899790287018,0.508709192276001,-0.1434541940689087,0.38482391834259033,0.47093307971954346,-0.05077410116791725,0.3687928318977356,0.3667956590652466,-0.09595388919115067,0.3507165014743805,0.3107568025588989,-0.12325693666934967,0.3370518386363983,0.2696579694747925,-0.13937091827392578,0.43799012899398804,0.47941654920578003,-0.054374102503061295,0.4259020984172821,0.3800867795944214,-0.1086336001753807,0.40807366371154785,0.41306859254837036,-0.12342233210802078,0.39921316504478455,0.44486990571022034,-0.12064678221940994,0.4889744520187378,0.5079419016838074,-0.06373152136802673,0.45872774720191956,0.4611186385154724,-0.11838062852621078,0.4418054223060608,0.5498164892196655,-0.10730679333209991,0.44076964259147644,0.6083043813705444,-0.08397192507982254,0.5383954048156738,0.5519432425498962,-0.07670053094625473,0.5091225504875183,0.512208878993988,-0.10983563959598541,0.4911215007305145,0.5694636702537537,-0.096575066447258,0.4893929958343506,0.6085270643234253,-0.077641062438488
no,0.45749956369400024,0.7224275469779968,-2.0865713323825474e-10,0.4008614122867584,0.6900947093963623,-0.039428140968084335,0.3522927165031433,0.6325621604919434,-0.0711473822593689,0.3447149693965912,0.5718313455581665,-0.10100530833005905,0.37092268466949463,0.515597939491272,-0.12919007241725922,0.39063194394111633,0.4721335470676422,-0.04703864827752113,0.38162893056869507,0.3674028515815735,-0.08713744580745697,0.3735262155532837,0.31437599658966064,-0.1129894033074379,0.3667430579662323,0.2747344374656677,-0.12950904667377472,0.44529634714126587,0.4848087430000305,-0.04994416981935501,0.4349822402000427,0.4046546220779419,-0.10370367765426636,0.424010306596756,0.4707087576389313,-0.11720909923315048,0.4192159175872803,0.527739405632019,-0.11303433030843735,0.4939095377922058,0.5134881734848022,-0.057611607015132904,0.46990612149238586,0.4762440323829651,-0.10710595548152924,0.45322924852371216,0.5633114576339722,-0.09506141394376755,0.4483305811882019,0.6194362044334412,-0.07262378931045532,0.540717363357544,0.5540400147438049,-0.06844447553157806,0.5163218975067139,0.5181363224983215,-0.09723139554262161,0.497063010931015,0.5771939754486084,-0.08291903138160706,0.490903377532959,0.6162610054016113,-0.06406398117542267
no,0.46228429675102234,0.7239423394203186,6.650560067100741e-07,0.4035708010196686,0.6963992118835449,-0.04756845533847809,0.3552473187446594,0.6405102610588074,-0.07991933077573776,0.3496468961238861,0.5781226754188538,-0.1096203550696373,0.37079930305480957,0.5167799592018127,-0.13686420023441315,0.38294726610183716,0.48111847043037415,-0.05332605168223381,0.37024593353271484,0.3755981922149658,-0.09387820959091187,0.3634389638900757,0.31194689869880676,-0.11968502402305603,0.360012412071228,0.2568100690841675,-0.1352340579032898,0.4350228011608124,0.48015230894088745,-0.05430413410067558,0.4230273962020874,0.3630574941635132,-0.09983627498149872,0.4018547534942627,0.30193665623664856,-0.12097497284412384,0.38183221220970154,0.24945345520973206,-0.12778674066066742,0.488667756319046,0.5058108568191528,-0.06007229536771774,0.4603102207183838,0.45979440212249756,-0.11677642911672592,0.44257500767707825,0.5540163516998291,-0.11458944529294968,0.4374346137046814,0.618319571018219,-0.09592372179031372,0.537829577922821,0.5518630743026733,-0.06924239546060562,0.5127325057983398,0.5163761377334595,-0.10957923531532288,0.49358439445495605,0.5798326730728149,-0.10195945203304291,0.4889123737812042,0.6257144212722778,-0.08543157577514648
no,0.4605938494205475,0.7290986776351929,2.9916472499280644e-07,0.40108567476272583,0.6987268328666687,-0.039597153663635254,0.3542535901069641,0.6365297436714172,-0.07167965918779373,0.35017088055610657,0.575100302696228,-0.10187225043773651,0.37107229232788086,0.5198858976364136,-0.13134227693080902,0.39454251527786255,0.4798784554004669,-0.05257781222462654,0.3855665922164917,0.3779613971710205,-0.09446745365858078,0.37684503197669983,0.31453925371170044,-0.12236529588699341,0.3691798448562622,0.26363739371299744,-0.14079272747039795,0.4478265047073364,0.48465368151664734,-0.05635187774896622,0.4362829923629761,0.3918321132659912,-0.10783863812685013,0.42334234714508057,0.40892887115478516,-0.12572956085205078,0.41512957215309143,0.4257016181945801,-0.12753844261169434,0.4969671070575714,0.5099248290061951,-0.06422094255685806,0.4644642770290375,0.46981287002563477,-0.11908727139234543,0.44571396708488464,0.5599929094314575,-0.11203359812498093,0.4417169690132141,0.6227737069129944,-0.09188259392976761,0.5430868864059448,0.5508006811141968,-0.0745607540011406,0.5106363296508789,0.5194498896598816,-0.1121685579419136,0.4897608160972595,0.583871066570282,-0.10205574333667755,0.485481321811676,0.6290425658226013,-0.0849025696516037
no,0.46882307529449463,0.7376323938369751,-4.1840976905405114e-08,0.41126665472984314,0.707956850528717,-0.04199731722474098,0.36771059036254883,0.6530737280845642,-0.07390902191400528,0.3601367175579071,0.5952247381210327,-0.10294834524393082,0.37407049536705017,0.5325499176979065,-0.13041703402996063,0.39301034808158875,0.4909619092941284,-0.049950797110795975,0.3903595507144928,0.38849151134490967,-0.09331276267766953,0.3905690312385559,0.3260146379470825,-0.12200432270765305,0.39192938804626465,0.27506935596466064,-0.14060279726982117,0.44873592257499695,0.49945205450057983,-0.051627520471811295,0.4409308135509491,0.4342309832572937,-0.11144743114709854,0.4320858418941498,0.5253266096115112,-0.1249442994594574,0.429413378238678,0.6000062227249146,-0.11917238682508469,0.49989449977874756,0.5267165899276733,-0.05848080664873123,0.4870361387729645,0.49764126539230347,-0.11318643391132355,0.4699650704860687,0.5915766954421997,-0.09954088181257248,0.4629921317100525,0.6503685712814331,-0.07533418387174606,0.5494676232337952,0.5672010779380798,-0.06856874376535416,0.5345019698143005,0.5405370593070984,-0.10086528956890106,0.5123543739318848,0.6033869981765747,-0.08613013476133347,0.5016884803771973,0.6418936252593994,-0.06643839180469513
no,0.46727612614631653,0.7368735671043396,-9.067287720654349e-08,0.414743036031723,0.7103699445724487,-0.042565565556287766,0.37115660309791565,0.6523754596710205,-0.07431553304195404,0.36276739835739136,0.5959979891777039,-0.10330045968294144,0.37408706545829773,0.5356554388999939,-0.13046596944332123,0.39140886068344116,0.49571502208709717,-0.05238071084022522,0.3835802674293518,0.38813379406929016,-0.09624834358692169,0.37856483459472656,0.3297821283340454,-0.12289483100175858,0.37588611245155334,0.2805873155593872,-0.1399821937084198,0.4475657641887665,0.5056385397911072,-0.05522677302360535,0.43679115176200867,0.44316601753234863,-0.11625760793685913,0.4270988702774048,0.5422672033309937,-0.12552054226398468,0.42821386456489563,0.60877525806427,-0.11680689454078674,0.49956008791923523,0.5351950526237488,-0.06386734545230865,0.4852233827114105,0.5011957883834839,-0.11981530487537384,0.4690549373626709,0.5954824090003967,-0.1032586395740509,0.46549591422080994,0.6432375907897949,-0.07746946066617966,0.5511752367019653,0.5764649510383606,-0.07590581476688385,0.5354555249214172,0.5426863431930542,-0.10924815386533737,0.5127049088478088,0.6054884195327759,-0.09329290688037872,0.5013867616653442,0.6383086442947388,-0.07302761822938919
no,0.4673827886581421,0.747287392616272,-1.0011488882355479e-07,0.41941946744918823,0.7164062857627869,-0.044353216886520386,0.3780783414840698,0.6552181839942932,-0.07759686559438705,0.3661735951900482,0.6002017855644226,-0.10868752747774124,0.3769581913948059,0.5388650894165039,-0.13764825463294983,0.39479923248291016,0.4959980249404907,-0.05057089030742645,0.3801082968711853,0.39021235704421997,-0.09550508856773376,0.37032991647720337,0.32683759927749634,-0.12228725850582123,0.3667443096637726,0.27434810996055603,-0.13947413861751556,0.4495942294597626,0.5079501271247864,-0.053311802446842194,0.4344147741794586,0.44987842440605164,-0.11574628204107285,0.4230712652206421,0.5517787933349609,-0.12336983531713486,0.42620572447776794,0.6126625537872314,-0.113032765686512,0.5019551515579224,0.5386075973510742,-0.0626499280333519,0.48337891697883606,0.50909024477005,-0.1192471906542778,0.4666125476360321,0.6008946895599365,-0.10069283097982407,0.46639302372932434,0.6419395804405212,-0.07332300394773483,0.554223895072937,0.5807993412017822,-0.07609861344099045,0.5376041531562805,0.5440914630889893,-0.10833751410245895,0.513526976108551,0.604215145111084,-0.09130347520112991,0.5038501024246216,0.6334997415542603,-0.07047432661056519
no,0.46239063143730164,0.7628412842750549,-5.414152326466137e-08,0.4197499454021454,0.7252169251441956,-0.052125830203294754,0.38198766112327576,0.6626850962638855,-0.09238861501216888,0.37032392621040344,0.6073257923126221,-0.13073714077472687,0.3795841932296753,0.5447208285331726,-0.1666233390569687,0.4021390676498413,0.5014982223510742,-0.055256281048059464,0.38191789388656616,0.40070831775665283,-0.10344787687063217,0.36431044340133667,0.3292350172996521,-0.12953190505504608,0.3595239818096161,0.27686771750450134,-0.14495310187339783,0.45361676812171936,0.5178366303443909,-0.05581890791654587,0.4377973675727844,0.45210352540016174,-0.11872570961713791,0.4193209111690521,0.5589829087257385,-0.12025190889835358,0.42381638288497925,0.6105917096138,-0.10401678085327148,0.5050623416900635,0.5486990809440613,-0.06468545645475388,0.4890826940536499,0.5098366737365723,-0.12097397446632385,0.4663145840167999,0.600355327129364,-0.09701700508594513,0.4674663543701172,0.6363633275032043,-0.06532376259565353,0.5555346608161926,0.5916876792907715,-0.07913803309202194,0.5442910194396973,0.5452257394790649,-0.10940029472112656,0.5168434381484985,0.6011326313018799,-0.0900321826338768,0.5098137259483337,0.6276845932006836,-0.06750162690877914
no,0.4625735580921173,0.7664988040924072,-3.1964777491566565e-08,0.4206482470035553,0.7282379865646362,-0.052603352814912796,0.3829697370529175,0.6633761525154114,-0.09408784657716751,0.3713443875312805,0.6063380241394043,-0.1340787410736084,0.3834454417228699,0.5415121912956238,-0.1714535355567932,0.40420618653297424,0.5038909912109375,-0.054411593824625015,0.387360155582428,0.40374916791915894,-0.10638763755559921,0.3771963119506836,0.3364775776863098,-0.13625939190387726,0.37918245792388916,0.287875771522522,-0.1536390781402588,0.4551699757575989,0.5187636017799377,-0.05528472736477852,0.44026312232017517,0.4533698260784149,-0.12212859839200974,0.419303297996521,0.5561330914497375,-0.12807494401931763,0.41962572932243347,0.6047058701515198,-0.11461953818798065,0.5068063735961914,0.5484871864318848,-0.06460414081811905,0.48998722434043884,0.5080375075340271,-0.12432340532541275,0.4674643576145172,0.5972526669502258,-0.10245872288942337,0.4664665758609772,0.6342282891273499,-0.07156847417354584,0.5567662119865417,0.5912323594093323,-0.07946114987134933,0.544749915599823,0.5446844100952148,-0.11236325651407242,0.5166618227958679,0.6004146337509155,-0.09379330277442932,0.5084415078163147,0.6290411949157715,-0.07110513001680374
no,0.46147987246513367,0.7691897749900818,9.588965355078471e-08,0.4210694432258606,0.7311356067657471,-0.058593038469552994,0.38553157448768616,0.6663722991943359,-0.10466761142015457,0.37522727251052856,0.6085870862007141,-0.14844441413879395,0.38835012912750244,0.5422753095626831,-0.1892428994178772,0.40065449476242065,0.5010361075401306,-0.060337942093610764,0.38830944895744324,0.40299659967422485,-0.11589782685041428,0.3891504108905792,0.33253198862075806,-0.14740248024463654,0.40728452801704407,0.2846372127532959,-0.16556330025196075,0.4543706774711609,0.5185415744781494,-0.05873650312423706,0.44279247522354126,0.45069950819015503,-0.12558327615261078,0.42116203904151917,0.5588955283164978,-0.12801899015903473,0.42386671900749207,0.6037453413009644,-0.11211396753787994,0.5086250901222229,0.5493330359458923,-0.06667888164520264,0.4938781261444092,0.5099793076515198,-0.12564997375011444,0.470041960477829,0.5994884967803955,-0.10000301897525787,0.47046828269958496,0.6311866044998169,-0.06714499741792679,0.560238242149353,0.5928277969360352,-0.08115066587924957,0.5493322610855103,0.5460168123245239,-0.11339791119098663,0.5204620361328125,0.6022606492042542,-0.09345689415931702,0.5131193995475769,0.6282615661621094,-0.07027872651815414
no,0.4628940224647522,0.7692381143569946,1.1257477439130525e-07,0.4210926592350006,0.7304323315620422,-0.0608125738799572,0.38524970412254333,0.665907084941864,-0.10839658975601196,0.3761223256587982,0.6092696189880371,-0.15343347191810608,0.38870739936828613,0.5426283478736877,-0.19544894993305206,0.40117907524108887,0.49987587332725525,-0.06445272266864777,0.387609601020813,0.40047645568847656,-0.12122900038957596,0.38842493295669556,0.33050012588500977,-0.153791144490242,0.4061063826084137,0.2829791009426117,-0.17265358567237854,0.4548025131225586,0.5187658667564392,-0.062383636832237244,0.44398486614227295,0.45051535964012146,-0.13131774961948395,0.4210783839225769,0.5592322945594788,-0.1348317414522171,0.42252811789512634,0.6065757870674133,-0.11947939544916153,0.5090166926383972,0.5511738061904907,-0.0699145719408989,0.49570465087890625,0.509879469871521,-0.1303464025259018,0.47099319100379944,0.6003700494766235,-0.10511638224124908,0.46996909379959106,0.6352077126502991,-0.07229845970869064,0.5603784918785095,0.5956255793571472,-0.08413024246692657,0.5524505972862244,0.5459878444671631,-0.11792852729558945,0.5223217606544495,0.6010525822639465,-0.09874419122934341,0.5126338005065918,0.628333568572998,-0.07583695650100708
no,0.46499040722846985,0.7718266248703003,8.256691330643662e-08,0.42291495203971863,0.7324687242507935,-0.059466518461704254,0.38624921441078186,0.6674185395240784,-0.10627587139606476,0.3772796094417572,0.6103781461715698,-0.15082360804080963,0.3899073600769043,0.5432382225990295,-0.1924385279417038,0.4031449556350708,0.500806450843811,-0.06305576115846634,0.38798707723617554,0.40097498893737793,-0.11895755678415298,0.3869728744029999,0.3307032883167267,-0.15098053216934204,0.4017047584056854,0.28197652101516724,-0.16971775889396667,0.4569830298423767,0.518982470035553,-0.06205318123102188,0.4437094032764435,0.45193010568618774,-0.13145874440670013,0.4218057096004486,0.5614890456199646,-0.13556073606014252,0.4234568774700165,0.6092297434806824,-0.1204952523112297,0.5114939212799072,0.5509703159332275,-0.07041489332914352,0.49582430720329285,0.5096963047981262,-0.1319531947374344,0.47139695286750793,0.60221266746521,-0.10728754103183746,0.4695515036582947,0.6378682255744934,-0.07458759844303131,0.5625973343849182,0.5949366092681885,-0.0852280780673027,0.5530858039855957,0.5470378994941711,-0.1201513260602951,0.5229341387748718,0.6032460331916809,-0.10126157104969025,0.5126251578330994,0.630617082118988,-0.07832589000463486
no,0.46642357110977173,0.7727882862091064,6.05738250669674e-08,0.4241653084754944,0.7335391044616699,-0.05757308751344681,0.38673993945121765,0.6686580181121826,-0.1030619740486145,0.37702471017837524,0.6123670935630798,-0.14646269381046295,0.3889184594154358,0.5455164909362793,-0.18699374794960022,0.404064416885376,0.5013171434402466,-0.06208232045173645,0.3882445693016052,0.4008718729019165,-0.11727287620306015,0.38653671741485596,0.3313662111759186,-0.14895977079868317,0.4002135097980499,0.28197360038757324,-0.16765324771404266,0.4577377438545227,0.5189743638038635,-0.062070321291685104,0.4437639117240906,0.451168954372406,-0.13168245553970337,0.42214342951774597,0.5589779615402222,-0.13707245886325836,0.42346084117889404,0.6078091263771057,-0.12289929389953613,0.511652946472168,0.5511476397514343,-0.0710802748799324,0.494992196559906,0.5118581056594849,-0.1327148973941803,0.4714129865169525,0.6026260852813721,-0.10965178161859512,0.4700990319252014,0.6373779773712158,-0.07803305983543396,0.5625753998756409,0.5956568717956543,-0.08626041561365128,0.5512344837188721,0.5499093532562256,-0.1211298331618309,0.520793616771698,0.6060785055160522,-0.10290513932704926,0.5100592970848083,0.6334211230278015,-0.0804792270064354
no,0.4678829312324524,0.7771541476249695,3.6018935389847684e-08,0.4255497455596924,0.7381165027618408,-0.05709899961948395,0.39008843898773193,0.6730360388755798,-0.10328621417284012,0.38056260347366333,0.616828978061676,-0.14762906730175018,0.3930838406085968,0.5512612462043762,-0.18933475017547607,0.4066246747970581,0.5079031586647034,-0.0629553496837616,0.3873549699783325,0.40669623017311096,-0.11992339789867401,0.3811115026473999,0.335601806640625,-0.15297991037368774,0.3909423053264618,0.28490811586380005,-0.17256805300712585,0.4601207971572876,0.5253638625144958,-0.0634097158908844,0.44445207715034485,0.454953670501709,-0.13301075994968414,0.422334223985672,0.56484454870224,-0.13728713989257812,0.42486393451690674,0.6124818325042725,-0.12240495532751083,0.5142562389373779,0.5571700930595398,-0.07291439175605774,0.4970065653324127,0.5139358043670654,-0.13337759673595428,0.47245821356773376,0.6059487462043762,-0.10792245715856552,0.4719941318035126,0.6402097940444946,-0.07512326538562775,0.5647076964378357,0.6015950441360474,-0.08881215751171112,0.553955614566803,0.5539336800575256,-0.1225820854306221,0.5236896872520447,0.6103204488754272,-0.10279255360364914,0.5148283839225769,0.6365022659301758,-0.07952561229467392
no,0.4676767587661743,0.7784079313278198,2.823392541984049e-08,0.42646223306655884,0.7385280728340149,-0.05502178519964218,0.3920181393623352,0.6734213829040527,-0.09890320152044296,0.3819379210472107,0.6165137887001038,-0.14124955236911774,0.3905578553676605,0.5506150722503662,-0.18097636103630066,0.40916600823402405,0.5084177255630493,-0.05912529677152634,0.3900066018104553,0.4058597683906555,-0.1132102757692337,0.3828229010105133,0.3337886333465576,-0.1436873972415924,0.39177805185317993,0.28179460763931274,-0.16158370673656464,0.4617156982421875,0.5260041356086731,-0.05978532135486603,0.4475180506706238,0.45589983463287354,-0.12831230461597443,0.4247800409793854,0.5631048679351807,-0.13274657726287842,0.4251750111579895,0.6113844513893127,-0.11780190467834473,0.5150249004364014,0.5576074123382568,-0.06919585913419724,0.49801716208457947,0.5167598128318787,-0.12936781346797943,0.47381463646888733,0.6063495874404907,-0.10531666874885559,0.4725511372089386,0.641308069229126,-0.0730656161904335,0.5651262998580933,0.6018030643463135,-0.08465997129678726,0.5545897483825684,0.553716242313385,-0.11792243272066116,0.5244429111480713,0.6088124513626099,-0.09878567606210709,0.5147190093994141,0.6360692977905273,-0.07581990212202072
no,0.46935197710990906,0.7779743075370789,3.443031459937629e-08,0.4273800849914551,0.7391539812088013,-0.05566549301147461,0.3913858234882355,0.6741961240768433,-0.10001220554113388,0.38156625628471375,0.6173534989356995,-0.1426650434732437,0.39165225625038147,0.5509238243103027,-0.18259254097938538,0.409651517868042,0.5067992806434631,-0.06005614995956421,0.39125868678092957,0.4030691385269165,-0.11510016024112701,0.38508614897727966,0.3302329182624817,-0.14634019136428833,0.3935113847255707,0.2777526080608368,-0.16476918756961823,0.4623408615589142,0.5238170027732849,-0.06098416447639465,0.44672611355781555,0.4549655020236969,-0.1311997026205063,0.4252505302429199,0.5628865361213684,-0.13657547533512115,0.42606887221336365,0.6116516590118408,-0.12200736254453659,0.5157676339149475,0.5559297800064087,-0.0707269087433815,0.49750950932502747,0.5171669125556946,-0.13256897032260895,0.47452735900878906,0.6080915927886963,-0.10885460674762726,0.4734524190425873,0.6420419216156006,-0.07652905583381653,0.5661633610725403,0.6008195877075195,-0.08652005344629288,0.5543723702430725,0.555130660533905,-0.12089474499225616,0.5247136950492859,0.611308753490448,-0.10182250291109085,0.5148476362228394,0.637372612953186,-0.07870446890592575
no,0.468858540058136,0.7804745435714722,3.302492501688903e-08,0.42664778232574463,0.7413141131401062,-0.05647844076156616,0.3911195993423462,0.6751388907432556,-0.1020645722746849,0.3818472921848297,0.6177186369895935,-0.14603035151958466,0.3947722911834717,0.5529102087020874,-0.18718771636486053,0.40938594937324524,0.5074183344841003,-0.0601176917552948,0.3911997675895691,0.40625500679016113,-0.11618726700544357,0.38383573293685913,0.3329957127571106,-0.14813919365406036,0.3918778896331787,0.2807391583919525,-0.16697950661182404,0.46281325817108154,0.5250532627105713,-0.06076515465974808,0.4482690989971161,0.45559632778167725,-0.130060076713562,0.4255373179912567,0.5648621916770935,-0.13379190862178802,0.42662596702575684,0.6115735769271851,-0.11819159239530563,0.5167552828788757,0.5569652915000916,-0.07060136646032333,0.49880924820899963,0.5166485905647278,-0.13102945685386658,0.47503462433815,0.6076835989952087,-0.10539078712463379,0.47488972544670105,0.6400657892227173,-0.07221462577581406,0.567257285118103,0.6017845869064331,-0.08684641867876053,0.5559076070785522,0.555709183216095,-0.12012837082147598,0.5258619785308838,0.6120107769966125,-0.10019415616989136,0.5170698165893555,0.6373723745346069,-0.07676266133785248
no,0.46866855025291443,0.7805320024490356,2.7163556737264116e-08,0.4270644783973694,0.7415720224380493,-0.05610530450940132,0.3922010362148285,0.6760031580924988,-0.10077278316020966,0.38302361965179443,0.618161141872406,-0.14377038180828094,0.39445191621780396,0.5524474382400513,-0.18398615717887878,0.40978938341140747,0.5090731382369995,-0.05962807685136795,0.3927164077758789,0.40564388036727905,-0.11488811671733856,0.38651570677757263,0.33304935693740845,-0.14598719775676727,0.39561963081359863,0.28103625774383545,-0.16423165798187256,0.46308937668800354,0.5265177488327026,-0.060086511075496674,0.4485015273094177,0.45636484026908875,-0.12975887954235077,0.4263749122619629,0.565809428691864,-0.13418841361999512,0.4273901879787445,0.6137511730194092,-0.11903463304042816,0.5169055461883545,0.5584661960601807,-0.06953930109739304,0.49952441453933716,0.5177720189094543,-0.13077965378761292,0.47575849294662476,0.6086496114730835,-0.10627231746912003,0.47482308745384216,0.6425576210021973,-0.07357680052518845,0.5675207376480103,0.6034125089645386,-0.08518397808074951,0.5565671920776367,0.5564906597137451,-0.11895313858985901,0.5265373587608337,0.6122976541519165,-0.0996260866522789,0.5167027711868286,0.6387957334518433,-0.07652783393859863
no,0.4702436923980713,0.7823687791824341,1.7609794511486143e-08,0.42826035618782043,0.743592381477356,-0.05457012355327606,0.3933422267436981,0.6785574555397034,-0.09886186569929123,0.38399678468704224,0.6217263340950012,-0.14170899987220764,0.3958205580711365,0.5564255118370056,-0.1818791776895523,0.40975674986839294,0.5100275278091431,-0.05909990519285202,0.39269599318504333,0.40657326579093933,-0.11583288758993149,0.3870713710784912,0.3329535126686096,-0.14889028668403625,0.39623355865478516,0.28042492270469666,-0.16845105588436127,0.4635641872882843,0.5273351669311523,-0.060221292078495026,0.44901254773139954,0.45884087681770325,-0.12985369563102722,0.4269208610057831,0.5682128071784973,-0.13464494049549103,0.4274689853191376,0.6153597831726074,-0.12006277590990067,0.5177421569824219,0.559374988079071,-0.07024351507425308,0.5001590251922607,0.5193910598754883,-0.13035476207733154,0.47675618529319763,0.6106313467025757,-0.1048995852470398,0.47603699564933777,0.6436221599578857,-0.0720558688044548,0.5682237148284912,0.6048151254653931,-0.08651397377252579,0.5570662617683411,0.559613823890686,-0.1195172667503357,0.5272736549377441,0.6156030893325806,-0.0994056686758995,0.5182671546936035,0.64058518409729,-0.07589098066091537
no,0.47093167901039124,0.783565104007721,3.408629822843068e-08,0.42918238043785095,0.7455462217330933,-0.056486062705516815,0.3940316438674927,0.6805331707000732,-0.10206121951341629,0.384254515171051,0.6231937408447266,-0.14594177901744843,0.39631494879722595,0.5581336617469788,-0.18704122304916382,0.40924376249313354,0.5109770894050598,-0.06084297224879265,0.39222782850265503,0.4080362915992737,-0.11832765489816666,0.38470956683158875,0.3336213231086731,-0.15163308382034302,0.39293500781059265,0.28010043501853943,-0.17139874398708344,0.46387624740600586,0.5284426212310791,-0.06130518391728401,0.449710875749588,0.45999523997306824,-0.13139888644218445,0.4264361262321472,0.5695754885673523,-0.13575640320777893,0.42695286870002747,0.6146659255027771,-0.1207176074385643,0.5185487866401672,0.5602980256080627,-0.07092054933309555,0.5008413791656494,0.5213540196418762,-0.13119713962078094,0.4769335687160492,0.611906886100769,-0.10519248247146606,0.47680342197418213,0.6427196860313416,-0.0719887837767601,0.5690947771072388,0.6054392457008362,-0.0870557501912117,0.5577200651168823,0.5612872242927551,-0.11997538059949875,0.5277541279792786,0.6172078847885132,-0.09969780594110489,0.519514799118042,0.6411999464035034,-0.07611019164323807
no,0.473050981760025,0.7872118353843689,-2.146939337421827e-08,0.4313032925128937,0.7488667368888855,-0.05263258516788483,0.3966560363769531,0.6843854188919067,-0.09552071243524551,0.3869861960411072,0.6284761428833008,-0.1372353583574295,0.39654359221458435,0.563382089138031,-0.17637108266353607,0.41337522864341736,0.5167555809020996,-0.05811818316578865,0.3925042748451233,0.4101298451423645,-0.11335603892803192,0.37995538115501404,0.3332763910293579,-0.14507146179676056,0.38230782747268677,0.27580973505973816,-0.1640855371952057,0.4658137857913971,0.5335267782211304,-0.059983402490615845,0.44931554794311523,0.4639212191104889,-0.12860621511936188,0.4268181025981903,0.5723015666007996,-0.132747083902359,0.4284988343715668,0.6184799671173096,-0.11799237132072449,0.5189695954322815,0.5652003288269043,-0.07040524482727051,0.5012261867523193,0.5234960317611694,-0.13005581498146057,0.47732728719711304,0.6145268678665161,-0.10422151535749435,0.47747549414634705,0.6473722457885742,-0.07125378400087357,0.5685739517211914,0.6105891466140747,-0.0869063064455986,0.5583574771881104,0.5632316470146179,-0.12002695351839066,0.5276682376861572,0.6197649836540222,-0.09971541166305542,0.5185246467590332,0.645930826663971,-0.07603342086076736
no,0.4727785289287567,0.7911796569824219,-1.8151883551809078e-08,0.4309607744216919,0.7530865669250488,-0.05390489101409912,0.3958818316459656,0.6889524459838867,-0.09761233627796173,0.38669633865356445,0.634494423866272,-0.1398596465587616,0.3974990248680115,0.5698756575584412,-0.17955128848552704,0.4107249081134796,0.5187225341796875,-0.06026838719844818,0.3898853063583374,0.41189873218536377,-0.11661828309297562,0.38004031777381897,0.33804839849472046,-0.14972692728042603,0.3849027454853058,0.28179290890693665,-0.16974298655986786,0.4644847810268402,0.536208987236023,-0.062080640345811844,0.4482567310333252,0.467373788356781,-0.13291864097118378,0.4255681037902832,0.5780126452445984,-0.13944396376609802,0.42601311206817627,0.6268649101257324,-0.1262923777103424,0.5183637142181396,0.569080650806427,-0.07234340161085129,0.501404345035553,0.5276262760162354,-0.13436168432235718,0.4771478772163391,0.6213260889053345,-0.11025597900152206,0.4754471480846405,0.6576292514801025,-0.07805755734443665,0.5685781836509705,0.615511953830719,-0.08853769302368164,0.5585803389549255,0.5678398013114929,-0.12343282252550125,0.5277881622314453,0.6254673004150391,-0.10385740548372269,0.5170601606369019,0.6529846787452698,-0.08046473562717438
no,0.4734387993812561,0.7919398546218872,-2.1264625615913246e-08,0.4305594861507416,0.7539950609207153,-0.053968727588653564,0.39480626583099365,0.6895159482955933,-0.09743522852659225,0.3857133984565735,0.6348423957824707,-0.1394595354795456,0.3975657522678375,0.5702025294303894,-0.17884105443954468,0.411787211894989,0.5200887322425842,-0.05974317342042923,0.3904254734516144,0.4142856001853943,-0.11488987505435944,0.3798014223575592,0.3410477638244629,-0.14679166674613953,0.3839629292488098,0.28488144278526306,-0.16603021323680878,0.46528053283691406,0.5367422699928284,-0.061477262526750565,0.4493052363395691,0.4675332009792328,-0.13184194266796112,0.42674511671066284,0.576623797416687,-0.13817578554153442,0.4269002079963684,0.6262818574905396,-0.1247335895895958,0.5188797116279602,0.5688395500183105,-0.07164217531681061,0.5016310811042786,0.5277877449989319,-0.1337299942970276,0.4773942530155182,0.6214456558227539,-0.11033022403717041,0.47551798820495605,0.6580376625061035,-0.07835769653320312,0.568940281867981,0.6145673990249634,-0.08765445649623871,0.5587577819824219,0.5677163004875183,-0.12249703705310822,0.5279186367988586,0.6256441473960876,-0.10347054898738861,0.5169969797134399,0.6534256339073181,-0.08039293438196182
no,0.47349515557289124,0.7916015982627869,-3.060172204527589e-08,0.4303019046783447,0.7541743516921997,-0.052602432668209076,0.3947298526763916,0.6895191669464111,-0.0943785086274147,0.38538658618927,0.6350989937782288,-0.1347750425338745,0.3967326879501343,0.5713540315628052,-0.1724383682012558,0.4140823185443878,0.5215955972671509,-0.0579511933028698,0.39244335889816284,0.4132133722305298,-0.1116986945271492,0.3822843134403229,0.3405799865722656,-0.14266186952590942,0.38655567169189453,0.2839754819869995,-0.16136370599269867,0.466687947511673,0.5376895070075989,-0.06006576493382454,0.4495104253292084,0.46792250871658325,-0.1302381455898285,0.4267578125,0.5752531290054321,-0.13732534646987915,0.4272197186946869,0.6255931258201599,-0.12436656653881073,0.5193158984184265,0.5698549151420593,-0.07033798843622208,0.5013737678527832,0.5292585492134094,-0.13226042687892914,0.4768364727497101,0.6215918064117432,-0.1099037453532219,0.4756618142127991,0.6575886011123657,-0.07852194458246231,0.5688943862915039,0.6155521273612976,-0.08627470582723618,0.5583826899528503,0.5696743726730347,-0.12081079930067062,0.5279169082641602,0.6264072060585022,-0.10219691693782806,0.5178408026695251,0.6533477902412415,-0.07936211675405502
no,0.47338104248046875,0.7936375141143799,-2.76616631822435e-08,0.4310002624988556,0.7560831308364868,-0.053564757108688354,0.3953162133693695,0.6919859647750854,-0.0966418907046318,0.38512665033340454,0.6373032331466675,-0.13830243051052094,0.3968130648136139,0.5726178884506226,-0.17735783755779266,0.41255342960357666,0.5231127738952637,-0.05965163931250572,0.39070045948028564,0.4152136743068695,-0.11503368616104126,0.3796239197254181,0.3406829535961151,-0.1473863422870636,0.3830919861793518,0.28340139985084534,-0.16703465580940247,0.4658140540122986,0.5394704937934875,-0.061435092240571976,0.4490966498851776,0.4697118103504181,-0.13206927478313446,0.4268903136253357,0.5785753130912781,-0.13885913789272308,0.4274054169654846,0.6289681196212769,-0.12585192918777466,0.5193583369255066,0.5717088580131531,-0.07154905796051025,0.5020768642425537,0.5299140214920044,-0.13350825011730194,0.4776596128940582,0.6225714683532715,-0.11013903468847275,0.47561052441596985,0.6595684885978699,-0.0782962217926979,0.5692781209945679,0.6177961230278015,-0.08750709146261215,0.5599452257156372,0.5699543356895447,-0.12231145799160004,0.5291088819503784,0.6264973878860474,-0.10330744832754135,0.517993688583374,0.6541984677314758,-0.08027596771717072
no,0.4739893078804016,0.793910026550293,-3.42066037717359e-08,0.4308888614177704,0.7568012475967407,-0.05385822430253029,0.39465683698654175,0.6926623582839966,-0.09718836098909378,0.38423511385917664,0.6378995776176453,-0.13907305896282196,0.3973788321018219,0.573244571685791,-0.17827923595905304,0.4149080514907837,0.5249990820884705,-0.06084346026182175,0.3930225372314453,0.41664180159568787,-0.11620398610830307,0.38237476348876953,0.3444508910179138,-0.14827081561088562,0.3861347436904907,0.2890941798686981,-0.16762101650238037,0.46768346428871155,0.5414324998855591,-0.062491800636053085,0.4503033459186554,0.4720475971698761,-0.13260038197040558,0.42756515741348267,0.5793543457984924,-0.13924099504947662,0.42807507514953613,0.6285727024078369,-0.12646326422691345,0.5206280946731567,0.5738343000411987,-0.0724385529756546,0.5036435723304749,0.5315708518028259,-0.1342744678258896,0.47851991653442383,0.6235782504081726,-0.11109451204538345,0.47662484645843506,0.6602907776832581,-0.07951965928077698,0.5702301263809204,0.6198834180831909,-0.08821897208690643,0.5614088177680969,0.5716895461082458,-0.12328160554170609,0.5302892923355103,0.6276669502258301,-0.1045728474855423,0.5192633271217346,0.6555147171020508,-0.08172395080327988
no,0.47282278537750244,0.7936999797821045,-7.593192741239818e-09,0.4308827519416809,0.7570252418518066,-0.0553305447101593,0.39538365602493286,0.6938329935073853,-0.09988585859537125,0.38544148206710815,0.6392744183540344,-0.1427038013935089,0.3976116478443146,0.574955403804779,-0.1828068345785141,0.41405022144317627,0.5233585834503174,-0.062337327748537064,0.3932008743286133,0.41520416736602783,-0.11861018091440201,0.3830054998397827,0.3407265245914459,-0.15095365047454834,0.3877842426300049,0.2844957411289215,-0.17030653357505798,0.46728256344795227,0.5408236980438232,-0.06333915144205093,0.45105963945388794,0.47232043743133545,-0.13380396366119385,0.42858046293258667,0.5827314853668213,-0.13923709094524384,0.42986252903938293,0.6314011812210083,-0.12530331313610077,0.520788848400116,0.5737426280975342,-0.07289642095565796,0.504168689250946,0.5323262214660645,-0.1347663402557373,0.4792131185531616,0.6252539157867432,-0.11012576520442963,0.47781020402908325,0.6609347462654114,-0.07750430703163147,0.5706334710121155,0.6201934814453125,-0.08850988745689392,0.5611079931259155,0.5733944773674011,-0.12337145954370499,0.5306620001792908,0.629919171333313,-0.10383515059947968,0.5206960439682007,0.6564739942550659,-0.080368272960186
no,0.47373688220977783,0.7961852550506592,-3.49220652395843e-09,0.43246176838874817,0.7591659426689148,-0.055438872426748276,0.39689627289772034,0.6960509419441223,-0.10070368647575378,0.3867451250553131,0.641654372215271,-0.1443597674369812,0.39904943108558655,0.5771443247795105,-0.18539468944072723,0.4133070707321167,0.5253814458847046,-0.06257422268390656,0.39205941557884216,0.41911813616752625,-0.11950352042913437,0.3839852809906006,0.34684059023857117,-0.15267933905124664,0.39178505539894104,0.29315105080604553,-0.17250880599021912,0.46746042370796204,0.5432644486427307,-0.06356867402791977,0.4523676633834839,0.47332924604415894,-0.13360461592674255,0.42909660935401917,0.5840392708778381,-0.13923604786396027,0.4301072955131531,0.6322216987609863,-0.12570072710514069,0.5217325687408447,0.5762627720832825,-0.07317028939723969,0.5066193342208862,0.5326315760612488,-0.13423943519592285,0.48050424456596375,0.6250683665275574,-0.10968943685293198,0.47798195481300354,0.6610244512557983,-0.07752973586320877,0.5717812776565552,0.6228559613227844,-0.08889009058475494,0.5640428066253662,0.5740859508514404,-0.12336605042219162,0.5327562093734741,0.6299785375595093,-0.10395026206970215,0.521645188331604,0.6569531559944153,-0.08080609142780304
no,0.47505688667297363,0.8004558682441711,-3.339301102300851e-08,0.4324638843536377,0.7610714435577393,-0.05291280150413513,0.39706727862358093,0.6974589228630066,-0.09673909097909927,0.3866005837917328,0.6435830593109131,-0.13967756927013397,0.3987025022506714,0.5813494324684143,-0.18030133843421936,0.4177939295768738,0.5307145714759827,-0.05954301357269287,0.397579163312912,0.42377400398254395,-0.11402483284473419,0.38648608326911926,0.35219162702560425,-0.14494536817073822,0.3903260827064514,0.2979319989681244,-0.16329793632030487,0.4699009656906128,0.5492403507232666,-0.06155594065785408,0.4542348086833954,0.47975391149520874,-0.12925253808498383,0.4298456609249115,0.5880293250083923,-0.13394317030906677,0.43100112676620483,0.6341142654418945,-0.12010311335325241,0.522424042224884,0.5824369192123413,-0.07191606611013412,0.5067686438560486,0.5375460386276245,-0.13149207830429077,0.4807429909706116,0.628935694694519,-0.10701127350330353,0.479923814535141,0.6649287343025208,-0.07507216185331345,0.5718982219696045,0.6290239095687866,-0.08816354721784592,0.5627802014350891,0.5802067518234253,-0.12127631902694702,0.5313317775726318,0.635063111782074,-0.10154789686203003,0.5213895440101624,0.6624096035957336,-0.07837114483118057
no,0.4756269156932831,0.8059096932411194,-5.621024712354483e-08,0.43247491121292114,0.7656870484352112,-0.05070865526795387,0.39722740650177,0.7024507522583008,-0.09190843254327774,0.38680556416511536,0.6495904922485352,-0.1322663128376007,0.3984438478946686,0.5896501541137695,-0.17030571401119232,0.4196726381778717,0.5376400351524353,-0.05602826178073883,0.39568591117858887,0.42875343561172485,-0.1080792024731636,0.3837078809738159,0.35609865188598633,-0.13818340003490448,0.38686132431030273,0.29942190647125244,-0.15646211802959442,0.4709126055240631,0.5549889206886292,-0.058434274047613144,0.45501023530960083,0.48622265458106995,-0.1260490119457245,0.4318777322769165,0.5910570025444031,-0.13300926983356476,0.4321020543575287,0.6413698792457581,-0.12080380320549011,0.5223504900932312,0.5874389410018921,-0.06871245801448822,0.506066083908081,0.5441362857818604,-0.12799273431301117,0.4807349741458893,0.634541928768158,-0.10617421567440033,0.4786171615123749,0.6736055016517639,-0.07585428655147552,0.5707528591156006,0.6333898305892944,-0.08451547473669052,0.5606395602226257,0.5857861042022705,-0.11701422184705734,0.5297073125839233,0.640434205532074,-0.09865470230579376,0.5188038349151611,0.6688904166221619,-0.0765547826886177
no,0.4733814299106598,0.8130007982254028,-4.789254859360881e-08,0.42957842350006104,0.7726389169692993,-0.0492238774895668,0.39526212215423584,0.709111213684082,-0.08976998925209045,0.3855193257331848,0.6584622263908386,-0.12948468327522278,0.39536625146865845,0.6012963056564331,-0.16715314984321594,0.41628172993659973,0.5438641309738159,-0.05763888731598854,0.38973283767700195,0.42975956201553345,-0.11070125550031662,0.37863242626190186,0.35410457849502563,-0.14194819331169128,0.38204050064086914,0.2937772274017334,-0.16133011877536774,0.46866846084594727,0.5614834427833557,-0.06130089610815048,0.4507056176662445,0.4961424469947815,-0.13110820949077606,0.4289543628692627,0.6032641530036926,-0.1393529772758484,0.4301173686981201,0.6546697020530701,-0.12806563079357147,0.5204573273658752,0.5956456065177917,-0.07247143983840942,0.5028436779975891,0.5557078123092651,-0.1334015429019928,0.4787147045135498,0.6473119854927063,-0.11120399087667465,0.47764286398887634,0.6854467391967773,-0.08060525357723236,0.5691539645195007,0.6425882577896118,-0.08892496675252914,0.5577653646469116,0.5957797765731812,-0.12251448631286621,0.5278064608573914,0.6517195701599121,-0.10301671177148819,0.5184674263000488,0.6783244013786316,-0.07995809614658356
no,0.4724286198616028,0.8320452570915222,-1.3824634947923187e-07,0.42992937564849854,0.7915352582931519,-0.043901119381189346,0.3924703896045685,0.7287837266921997,-0.08140473067760468,0.37912601232528687,0.6778307557106018,-0.11938026547431946,0.39096546173095703,0.6234024167060852,-0.15527954697608948,0.41917115449905396,0.5645482540130615,-0.04949360713362694,0.3930422067642212,0.45352140069007874,-0.0994437038898468,0.38006046414375305,0.3800790309906006,-0.12780813872814178,0.3813038170337677,0.3212800920009613,-0.1454143077135086,0.46961405873298645,0.580629289150238,-0.05473983287811279,0.44679516553878784,0.5143560767173767,-0.12054398655891418,0.424487441778183,0.6188273429870605,-0.12654602527618408,0.42999401688575745,0.665346622467041,-0.11430428922176361,0.5199329853057861,0.6128089427947998,-0.06728263199329376,0.5000768303871155,0.5731844902038574,-0.12588772177696228,0.4738333821296692,0.663372814655304,-0.10256888717412949,0.4762668311595917,0.6968014240264893,-0.07152889668941498,0.5682920813560486,0.6593908071517944,-0.08482211083173752,0.5548648238182068,0.6139148473739624,-0.11642631143331528,0.5240802764892578,0.6693530082702637,-0.09617473185062408,0.5178957581520081,0.6942712068557739,-0.07296375930309296
no,0.4688074588775635,0.8277222514152527,-8.238767179591377e-08,0.42637717723846436,0.7850467562675476,-0.04525551572442055,0.3905550539493561,0.7246283292770386,-0.08342400938272476,0.37480029463768005,0.6747037768363953,-0.12176357954740524,0.38887691497802734,0.6193619966506958,-0.15773022174835205,0.41900837421417236,0.5583316683769226,-0.05044221132993698,0.39433085918426514,0.444185733795166,-0.10076446831226349,0.38237324357032776,0.37047916650772095,-0.1294676810503006,0.385115385055542,0.3109530508518219,-0.1470378339290619,0.46813973784446716,0.5762136578559875,-0.05459095537662506,0.450428307056427,0.51276034116745,-0.12237496674060822,0.4280473589897156,0.6202281713485718,-0.12933772802352905,0.4289624094963074,0.6723004579544067,-0.11718504875898361,0.5179078578948975,0.6110515594482422,-0.06597637385129929,0.5019954442977905,0.5698530077934265,-0.12633498013019562,0.4752999246120453,0.6621864438056946,-0.10358632355928421,0.47294533252716064,0.7024590969085693,-0.07207003235816956,0.5641108155250549,0.6603589653968811,-0.08224419504404068,0.5552387237548828,0.6140944361686707,-0.11569081991910934,0.522652804851532,0.6703988313674927,-0.09608400613069534,0.5112491846084595,0.7000046968460083,-0.07239783555269241
no,0.4627002775669098,0.849942684173584,-1.1690944035080975e-07,0.4181565046310425,0.8051778674125671,-0.04538458585739136,0.3850378394126892,0.7424514293670654,-0.08602967113256454,0.37177860736846924,0.693544864654541,-0.12706153094768524,0.388374924659729,0.6460049152374268,-0.16616855561733246,0.4145199656486511,0.5712974667549133,-0.05039207264780998,0.3931198716163635,0.47053080797195435,-0.10429070144891739,0.3874853849411011,0.4008725881576538,-0.13636323809623718,0.3961683511734009,0.34976285696029663,-0.15571258962154388,0.4677095115184784,0.5912505984306335,-0.05478564649820328,0.44328033924102783,0.5397355556488037,-0.12021936476230621,0.421491414308548,0.6494392156600952,-0.12419590353965759,0.4276886284351349,0.6955413222312927,-0.11047231405973434,0.519565224647522,0.6275511384010315,-0.06718792766332626,0.49358710646629333,0.6044729948043823,-0.12392446398735046,0.46828803420066833,0.6953661441802979,-0.09758614003658295,0.4722925126552582,0.7266589403152466,-0.06492745131254196,0.566563069820404,0.6774411201477051,-0.08515226095914841,0.5473747849464417,0.6467867493629456,-0.11405998468399048,0.5174279808998108,0.7024166584014893,-0.09160129725933075,0.5144858956336975,0.7231781482696533,-0.06701868027448654
no,0.45611950755119324,0.874426007270813,-8.485199032293167e-08,0.4095599949359894,0.8307912349700928,-0.05422087386250496,0.37351009249687195,0.7706441879272461,-0.10037300735712051,0.3505921959877014,0.7210586071014404,-0.1461169421672821,0.3719943165779114,0.6736041903495789,-0.1898912787437439,0.41280895471572876,0.6017496585845947,-0.05684741586446762,0.3874301016330719,0.5005939602851868,-0.11184217035770416,0.37645983695983887,0.42563992738723755,-0.14361988008022308,0.38039642572402954,0.37177538871765137,-0.16352836787700653,0.4658239781856537,0.6155582070350647,-0.05775732919573784,0.4352623224258423,0.5767565965652466,-0.12370496988296509,0.4105597734451294,0.6863663196563721,-0.12721972167491913,0.41890621185302734,0.7252171635627747,-0.11336642503738403,0.5168613195419312,0.6524758338928223,-0.06745890527963638,0.48443037271499634,0.6450388431549072,-0.12431676685810089,0.45557400584220886,0.7302212715148926,-0.0975496768951416,0.4627627730369568,0.751777172088623,-0.06511754542589188,0.5592563152313232,0.7072060108184814,-0.08385542035102844,0.5343989729881287,0.6944448351860046,-0.11325617879629135,0.5021509528160095,0.7453375458717346,-0.0919422060251236,0.5026959180831909,0.761748194694519,-0.06830862164497375
no,0.4091660976409912,0.9445333480834961,-4.7314324547187425e-07,0.3498566150665283,0.9153367280960083,-0.042208194732666016,0.3093991279602051,0.8773642778396606,-0.0825418084859848,0.2905850410461426,0.8595390915870667,-0.12218070775270462,0.28251951932907104,0.8477990627288818,-0.16209936141967773,0.3503560721874237,0.6911637783050537,-0.07022538781166077,0.3095557689666748,0.5958084464073181,-0.1171853244304657,0.28688985109329224,0.5383851528167725,-0.14385618269443512,0.2781060039997101,0.493811696767807,-0.16148415207862854,0.41079849004745483,0.7000874280929565,-0.0739922896027565,0.33771705627441406,0.7525617480278015,-0.12565501034259796,0.31418323516845703,0.8593136072158813,-0.1270584762096405,0.3275025486946106,0.8873127698898315,-0.1191733181476593,0.46048685908317566,0.7486875057220459,-0.0825546458363533,0.3874112367630005,0.8128558993339539,-0.12446301430463791,0.3636293411254883,0.8938096165657043,-0.09971927106380463,0.3783652186393738,0.9023351669311523,-0.07622095942497253,0.4991910457611084,0.8085926175117493,-0.09670128673315048,0.4430036246776581,0.8577391505241394,-0.12210798263549805,0.41585835814476013,0.908626914024353,-0.1037435457110405,0.4260355532169342,0.9094921350479126,-0.08370891958475113
no,0.3865586519241333,0.9972132444381714,-3.187810477811581e-07,0.33058786392211914,0.9612100720405579,-0.03830305486917496,0.28893083333969116,0.9147235751152039,-0.0743829607963562,0.26826584339141846,0.8785067200660706,-0.111176997423172,0.2730317711830139,0.8695525527000427,-0.14744806289672852,0.3372437059879303,0.7318084836006165,-0.047705430537462234,0.2958754897117615,0.6473665237426758,-0.08993639051914215,0.2748013436794281,0.5807141065597534,-0.11627862602472305,0.26834362745285034,0.529005765914917,-0.13546745479106903,0.3943822383880615,0.7356287837028503,-0.053960420191287994,0.3268192410469055,0.776531457901001,-0.10418576002120972,0.3104928433895111,0.8640980124473572,-0.10839557647705078,0.3254944384098053,0.8887025117874146,-0.10242312401533127,0.44230854511260986,0.7772376537322998,-0.06616769731044769,0.37140950560569763,0.8403075933456421,-0.10677383840084076,0.35697418451309204,0.9043992757797241,-0.08469608426094055,0.3723127543926239,0.9152330756187439,-0.06265322864055634,0.48141390085220337,0.8353211879730225,-0.08452486991882324,0.424747496843338,0.8743103742599487,-0.10751014202833176,0.4039064347743988,0.917597770690918,-0.09104347229003906,0.4120502173900604,0.926048219203949,-0.07333672791719437
no,0.38929158449172974,1.0035591125488281,-3.7468791447281546e-07,0.33240678906440735,0.97244793176651,-0.02996436133980751,0.2857258915901184,0.9268132448196411,-0.06174273043870926,0.2597307562828064,0.8945784568786621,-0.09455428272485733,0.2616364657878876,0.8755861520767212,-0.12612779438495636,0.32606372237205505,0.7477039098739624,-0.04602075740695,0.2810201942920685,0.6533111333847046,-0.0911393016576767,0.25172853469848633,0.5829839706420898,-0.12048320472240448,0.2340775728225708,0.5282168388366699,-0.14211903512477875,0.38288795948028564,0.7415633201599121,-0.055295541882514954,0.31126025319099426,0.7901694178581238,-0.10747227817773819,0.3010329008102417,0.8792024254798889,-0.1148129254579544,0.31733909249305725,0.90574711561203,-0.11150790005922318,0.4310590922832489,0.7778501510620117,-0.06943856924772263,0.35741856694221497,0.8531120419502258,-0.10726556926965714,0.34858083724975586,0.9184682965278625,-0.08489544689655304,0.3665270507335663,0.9227995872497559,-0.0643690973520279,0.47226688265800476,0.8337756991386414,-0.0891040489077568,0.40905386209487915,0.888068675994873,-0.11051766574382782,0.3948023319244385,0.9312158823013306,-0.09370154142379761,0.4083701968193054,0.9316271543502808,-0.07634740322828293
no,0.3732912242412567,1.0115571022033691,-3.1395262567457394e-07,0.3165883719921112,0.975947380065918,-0.032087113708257675,0.27305081486701965,0.9316498041152954,-0.0691591128706932,0.24669966101646423,0.8979487419128418,-0.10781091451644897,0.25303915143013,0.8881032466888428,-0.14636971056461334,0.3220893442630768,0.7584929466247559,-0.055044177919626236,0.277103066444397,0.6609262824058533,-0.1033952459692955,0.24458757042884827,0.5885331630706787,-0.1335563361644745,0.22486509382724762,0.5354760885238647,-0.15542486310005188,0.37876760959625244,0.7601909041404724,-0.06505734473466873,0.3067042827606201,0.802033543586731,-0.11799397319555283,0.29244905710220337,0.8969739675521851,-0.1219286397099495,0.3089351952075958,0.9194182753562927,-0.11615545302629471,0.4257434606552124,0.8006511926651001,-0.07998605817556381,0.34867537021636963,0.8723516464233398,-0.119392529129982,0.33649635314941406,0.9391757249832153,-0.09393136948347092,0.3547425866127014,0.9425433278083801,-0.07112738490104675,0.46305808424949646,0.8590481877326965,-0.10063274949789047,0.3975180387496948,0.9123650789260864,-0.12248799949884415,0.3781421184539795,0.9557878971099854,-0.10328011959791183,0.3903352618217468,0.9565351605415344,-0.08440742641687393
love,0.8316344022750854,0.41721439361572266,-3.995706947534927e-07,0.7253440022468567,0.3788164258003235,-0.02880992740392685,0.6337958574295044,0.3046570420265198,-0.044568900018930435,0.5656600594520569,0.2766338884830475,-0.05365746468305588,0.5131122469902039,0.2794591188430786,-0.058908309787511826,0.735948383808136,0.0906110405921936,-0.05563977733254433,0.6353071331977844,0.0015237554907798767,-0.08373835682868958,0.5675740838050842,0.04099126160144806,-0.09932878613471985,0.5254132747650146,0.1067044660449028,-0.10620789229869843,0.7612487077713013,0.0858733057975769,-0.049513015896081924,0.6583887934684753,-0.01755252480506897,-0.07085327059030533,0.5904974341392517,0.012629248201847076,-0.08287504315376282,0.5492702722549438,0.06313006579875946,-0.09242604672908783,0.7740795612335205,0.1164529025554657,-0.044362861663103104,0.6767501831054688,0.027534395456314087,-0.06290792673826218,0.6153015494346619,0.05279214680194855,-0.07148746401071548,0.5779331922531128,0.09528150409460068,-0.0779280811548233,0.7708373069763184,0.17085961997509003,-0.04020993411540985,0.7039669752120972,0.12241532653570175,-0.064907506108284,0.6516919136047363,0.12869395315647125,-0.07774169743061066,0.615574836730957,0.15145465731620789,-0.08515266329050064
love,0.4042320251464844,0.9747377038002014,-3.248674431688414e-07,0.40117621421813965,0.8786454796791077,-0.003521452657878399,0.37842756509780884,0.7965013384819031,-0.01764014922082424,0.3365478813648224,0.7443716526031494,-0.03234368562698364,0.3034169673919678,0.7098748087882996,-0.04816409572958946,0.4086425006389618,0.7790765762329102,-0.04165828227996826,0.37896421551704407,0.7153869271278381,-0.07539526373147964,0.33582383394241333,0.701656699180603,-0.09820157289505005,0.300270140171051,0.701278030872345,-0.1113358661532402,0.39919403195381165,0.8202934265136719,-0.05430545285344124,0.36603906750679016,0.7632089853286743,-0.08481927216053009,0.31458979845046997,0.7456480264663696,-0.09780730307102203,0.27647271752357483,0.7463372349739075,-0.10681144893169403,0.383597195148468,0.8681337833404541,-0.06693947315216064,0.35362961888313293,0.8267678022384644,-0.09181864559650421,0.31155917048454285,0.8016220331192017,-0.09957335889339447,0.28069302439689636,0.7874771356582642,-0.10474643111228943,0.36313164234161377,0.9186371564865112,-0.07910393923521042,0.3274247348308563,0.8952316045761108,-0.10038530081510544,0.29945656657218933,0.8793678283691406,-0.10736764967441559,0.278006911277771,0.8681297302246094,-0.11136779934167862
love,0.4129425585269928,1.0162734985351562,-4.6265981268334144e-07,0.38082611560821533,0.9307653307914734,-0.011618968099355698,0.3436855375766754,0.8587036728858948,-0.02750186249613762,0.3030391335487366,0.8226020932197571,-0.04297367483377457,0.2748744487762451,0.8005495071411133,-0.059675734490156174,0.40157440304756165,0.8370758891105652,-0.041323207318782806,0.36321669816970825,0.7969821095466614,-0.07111669331789017,0.3203578591346741,0.7957519888877869,-0.09187586605548859,0.2871502935886383,0.8000308871269226,-0.10395251959562302,0.404814749956131,0.893452525138855,-0.04980488121509552,0.3624221086502075,0.859947681427002,-0.07640001177787781,0.3082166016101837,0.8512763381004333,-0.08955993503332138,0.2703920900821686,0.8510813117027283,-0.1000051274895668,0.399580180644989,0.9518636465072632,-0.058799996972084045,0.3591849207878113,0.9260162115097046,-0.08508097380399704,0.30799680948257446,0.9139431118965149,-0.09245990961790085,0.27221885323524475,0.9061562418937683,-0.09589388966560364,0.3881600797176361,1.004777431488037,-0.06762471050024033,0.34716033935546875,0.9748710989952087,-0.09006159752607346,0.30883750319480896,0.9619466066360474,-0.0933171957731247,0.28001922369003296,0.9522384405136108,-0.09357455372810364
love,0.4139597713947296,1.0394561290740967,-2.8201208124301047e-07,0.37889984250068665,0.9565246105194092,-0.013076004572212696,0.3417256772518158,0.889312744140625,-0.03161073848605156,0.3042754530906677,0.850816011428833,-0.04826744273304939,0.2763153910636902,0.8212409019470215,-0.06604162603616714,0.40707695484161377,0.867015540599823,-0.05280540883541107,0.3542802631855011,0.8322880268096924,-0.08232425153255463,0.3153640925884247,0.8260599374771118,-0.09978876262903214,0.28722408413887024,0.8301429748535156,-0.11013263463973999,0.4131010174751282,0.9148823022842407,-0.061138562858104706,0.3632090389728546,0.8798959255218506,-0.09089157730340958,0.3093913793563843,0.8726677894592285,-0.10309630632400513,0.2682516872882843,0.8746047616004944,-0.1123906672000885,0.4059968888759613,0.96600341796875,-0.06917598098516464,0.35482656955718994,0.9382899403572083,-0.0987682044506073,0.30283597111701965,0.9271431565284729,-0.10462458431720734,0.26620858907699585,0.9221481680870056,-0.10680244863033295,0.3872571885585785,1.0143964290618896,-0.07662101835012436,0.336799681186676,0.9861001968383789,-0.10250579565763474,0.296852171421051,0.9731765985488892,-0.10688027739524841,0.2667348086833954,0.9631838202476501,-0.10769221186637878
love,0.41842085123062134,1.0564782619476318,-3.3698830748107866e-07,0.3789849281311035,0.9835911393165588,-0.015526574105024338,0.3395814299583435,0.916609525680542,-0.033108148723840714,0.30003178119659424,0.8754430413246155,-0.04824627563357353,0.2663988769054413,0.8412401080131531,-0.06418932974338531,0.40741002559661865,0.8984473943710327,-0.0550885833799839,0.3523859679698944,0.857107400894165,-0.08365385979413986,0.3082178235054016,0.8542054891586304,-0.09984907507896423,0.27600809931755066,0.8611939549446106,-0.10955788195133209,0.41352543234825134,0.9431670904159546,-0.06116977334022522,0.35378497838974,0.9004592895507812,-0.08905029296875,0.2976189851760864,0.8983049392700195,-0.09900893270969391,0.259245902299881,0.9057663083076477,-0.10779859125614166,0.4056544303894043,0.9899745583534241,-0.06740913540124893,0.346680223941803,0.9562512040138245,-0.09464280307292938,0.2917359471321106,0.9494040012359619,-0.09985162317752838,0.2554278075695038,0.9521691203117371,-0.10315042734146118,0.3866922855377197,1.033002257347107,-0.0735711008310318,0.33726105093955994,1.002758264541626,-0.0986071527004242,0.29601213335990906,0.9955831170082092,-0.10419247299432755,0.26611968874931335,0.9946267604827881,-0.10711386054754257
love,0.4246762990951538,1.0471501350402832,-2.726752938997379e-07,0.3873029053211212,0.9816836714744568,-0.01585238054394722,0.34309494495391846,0.9183937907218933,-0.033976007252931595,0.29933518171310425,0.8798177242279053,-0.049220141023397446,0.26483577489852905,0.8443117141723633,-0.06513657420873642,0.4074006974697113,0.8968446254730225,-0.056563228368759155,0.35946083068847656,0.8546684980392456,-0.08501703292131424,0.3130652606487274,0.85090571641922,-0.10014750063419342,0.27772659063339233,0.858691394329071,-0.10897243022918701,0.41120243072509766,0.9379459023475647,-0.06198366731405258,0.35416144132614136,0.8988317251205444,-0.09031497687101364,0.296566903591156,0.899438202381134,-0.09957534074783325,0.2576056718826294,0.9089152216911316,-0.10734342038631439,0.40108171105384827,0.9829201698303223,-0.06746676564216614,0.3422647714614868,0.9536767601966858,-0.09470818936824799,0.29019367694854736,0.9516628980636597,-0.09888992458581924,0.2568199336528778,0.9566534757614136,-0.10113244503736496,0.38186103105545044,1.0255552530288696,-0.07265837490558624,0.33029115200042725,1.0013104677200317,-0.0970957949757576,0.292196661233902,0.9992558360099792,-0.10187427699565887,0.266023188829422,1.0004628896713257,-0.10393412411212921
love,0.42677661776542664,1.0487319231033325,-3.1487920182371454e-07,0.3713831901550293,1.0011274814605713,-0.021312547847628593,0.3270268142223358,0.9466315507888794,-0.04082043096423149,0.2903366982936859,0.9119966626167297,-0.05722039192914963,0.25963613390922546,0.8797637224197388,-0.07416907697916031,0.38851794600486755,0.9109642505645752,-0.06039153411984444,0.33939284086227417,0.88359534740448,-0.09671174734830856,0.29803216457366943,0.8877038955688477,-0.11972520500421524,0.2626391649246216,0.9022467136383057,-0.13280360400676727,0.4029720723628998,0.9388044476509094,-0.0643281489610672,0.3458259403705597,0.9127344489097595,-0.09850835055112839,0.29428577423095703,0.9193645119667053,-0.1143626719713211,0.2555747628211975,0.9324018955230713,-0.12627871334552765,0.40810662508010864,0.9721240401268005,-0.06927627325057983,0.3492586612701416,0.9557158946990967,-0.10052506625652313,0.298787385225296,0.9636164307594299,-0.1092464029788971,0.26189661026000977,0.9757652878761292,-0.11429393291473389,0.4041958451271057,1.0074429512023926,-0.07485607266426086,0.35652169585227966,0.99980628490448,-0.10099443048238754,0.3216581642627716,1.0035099983215332,-0.10865503549575806,0.29456907510757446,1.0091509819030762,-0.11290785670280457
love,0.4049833416938782,1.0290461778640747,-3.195514750586881e-07,0.3505600690841675,0.9977185130119324,-0.025666184723377228,0.3034241199493408,0.9594782590866089,-0.041627563536167145,0.26677948236465454,0.9393870830535889,-0.053171344101428986,0.23677469789981842,0.915532112121582,-0.0657363086938858,0.34586256742477417,0.9253302216529846,-0.047741878777742386,0.2965180277824402,0.9351683855056763,-0.07316095381975174,0.2620992064476013,0.9482814073562622,-0.09195918589830399,0.2337912619113922,0.9602031111717224,-0.10427074879407883,0.369127094745636,0.9503345489501953,-0.04621172323822975,0.3133580982685089,0.957152247428894,-0.06911377608776093,0.2759169042110443,0.9721232056617737,-0.08678427338600159,0.24636736512184143,0.9817655682563782,-0.10269090533256531,0.38716575503349304,0.9785428047180176,-0.045875634998083115,0.34184497594833374,0.9893861413002014,-0.07048969715833664,0.3093022108078003,1.000839114189148,-0.08433937281370163,0.282927006483078,1.0115805864334106,-0.09441037476062775,0.40295010805130005,1.0075370073318481,-0.0464058555662632,0.3683382570743561,1.0163097381591797,-0.06811483204364777,0.3473527133464813,1.0239598751068115,-0.07738789170980453,0.32786208391189575,1.0294253826141357,-0.08438690751791
love,0.6251239776611328,0.3950608968734741,-2.8405436225398262e-08,0.5014578104019165,0.4165043234825134,0.04825887456536293,0.41280481219291687,0.36808186769485474,0.08839336037635803,0.3495855927467346,0.3602084517478943,0.11312117427587509,0.28080233931541443,0.36701834201812744,0.13842804729938507,0.4519517719745636,0.12334103882312775,0.1654934138059616,0.378560334444046,0.031220875680446625,0.2178461253643036,0.3137572407722473,0.037376537919044495,0.23875607550144196,0.27844539284706116,0.07688131183385849,0.25458580255508423,0.46918368339538574,0.10371792316436768,0.143012136220932,0.39169836044311523,-0.0002679675817489624,0.21036680042743683,0.3213728070259094,0.024109117686748505,0.22539620101451874,0.2849307060241699,0.06732680648565292,0.23579326272010803,0.4708840847015381,0.09893578290939331,0.11409618705511093,0.3945830166339874,-0.003282308578491211,0.1655731201171875,0.33005374670028687,0.015097752213478088,0.1785217523574829,0.29390549659729004,0.048269256949424744,0.1849900186061859,0.4617341458797455,0.106735460460186,0.08481522649526596,0.3895884156227112,0.006959632039070129,0.11053264886140823,0.33949553966522217,-0.004283159971237183,0.1207471713423729,0.3065747618675232,0.0038021206855773926,0.13008448481559753
love,0.6306771039962769,0.4416901469230652,-6.49327262181032e-07,0.5047776103019714,0.42839208245277405,0.12134689092636108,0.4152454137802124,0.3734323978424072,0.17761394381523132,0.3394243121147156,0.3746514916419983,0.20125986635684967,0.26895004510879517,0.3917575180530548,0.22437049448490143,0.4669577479362488,0.13371947407722473,0.20933766663074493,0.3816899359226227,0.020723357796669006,0.24549606442451477,0.30954471230506897,0.05638010799884796,0.25838083028793335,0.2782655358314514,0.12326251715421677,0.2691631019115448,0.48599961400032043,0.11129692941904068,0.14205268025398254,0.38416728377342224,-0.016418933868408203,0.18462081253528595,0.30504631996154785,0.035073041915893555,0.19487962126731873,0.2775782346725464,0.1049986332654953,0.20241808891296387,0.4880538284778595,0.11169585585594177,0.07289708405733109,0.38412564992904663,-0.016499415040016174,0.10649383068084717,0.30684125423431396,0.037057846784591675,0.12051959335803986,0.27489328384399414,0.10643312335014343,0.12782779335975647,0.47153130173683167,0.13109059631824493,0.010290923528373241,0.37780898809432983,0.02556760609149933,0.024903064593672752,0.3085966408252716,0.05145929753780365,0.03439668193459511,0.2710298001766205,0.10322031378746033,0.04234681278467178
love,0.6549169421195984,0.4809865951538086,-9.55431573856913e-07,0.5194648504257202,0.4617130756378174,0.14480608701705933,0.4248746931552887,0.40035539865493774,0.20442481338977814,0.34548091888427734,0.39461421966552734,0.22275786101818085,0.27281081676483154,0.3986767828464508,0.23708073794841766,0.4802333414554596,0.14778439700603485,0.2220519334077835,0.3839099407196045,0.023218542337417603,0.2525170147418976,0.3183687925338745,0.06888912618160248,0.26258814334869385,0.2961510419845581,0.14111311733722687,0.27037137746810913,0.5018888115882874,0.12778353691101074,0.1346617490053177,0.3838115930557251,-0.009189754724502563,0.16655725240707397,0.3068283796310425,0.051380500197410583,0.17313814163208008,0.28847408294677734,0.12840980291366577,0.17879724502563477,0.5037403106689453,0.134857177734375,0.04657682031393051,0.38320502638816833,-0.006505399942398071,0.0698457807302475,0.305579274892807,0.0571693480014801,0.08591931313276291,0.27972859144210815,0.13563215732574463,0.09582332521677017,0.4817809462547302,0.16513556241989136,-0.033510949462652206,0.37564465403556824,0.03937281668186188,-0.023702548816800117,0.31058910489082336,0.07111501693725586,-0.008805813267827034,0.2850383222103119,0.13621336221694946,0.002852052915841341
love,0.6681009531021118,0.5062982439994812,-1.0112790960192797e-06,0.5228919386863708,0.4741915464401245,0.11755908280611038,0.42996132373809814,0.412294864654541,0.1563829928636551,0.35043683648109436,0.4086698889732361,0.15929727256298065,0.2813999056816101,0.41781002283096313,0.15870237350463867,0.49631989002227783,0.16949865221977234,0.16268086433410645,0.4038023054599762,0.029231294989585876,0.1677951067686081,0.33414679765701294,0.0720675140619278,0.1643618941307068,0.3062809705734253,0.14193134009838104,0.16397933661937714,0.5204828977584839,0.1500704288482666,0.08151928335428238,0.39928245544433594,-0.003788396716117859,0.08414420485496521,0.3175840675830841,0.05727699398994446,0.08052483201026917,0.2973746061325073,0.13809522986412048,0.07970850169658661,0.5228562951087952,0.1608334183692932,-0.0010429627727717161,0.3968057632446289,0.00133591890335083,-0.0021958458237349987,0.3134033977985382,0.06579771637916565,0.0022839882876724005,0.28456228971481323,0.1463114619255066,0.00568912411108613,0.49876344203948975,0.19330434501171112,-0.07647575438022614,0.38726770877838135,0.058813780546188354,-0.08023589849472046,0.3203137218952179,0.08587415516376495,-0.07296095043420792,0.2921789288520813,0.1483338475227356,-0.06807991117238998
love,0.6939317584037781,0.5346079468727112,-1.0721749958975124e-06,0.5407449007034302,0.5072863698005676,0.10763940215110779,0.44809088110923767,0.43419402837753296,0.14361652731895447,0.3668476641178131,0.4278854429721832,0.14716030657291412,0.3027253746986389,0.4503999650478363,0.1480138897895813,0.5175845623016357,0.19205856323242188,0.13983355462551117,0.4202040135860443,0.0359744131565094,0.13792532682418823,0.3460681736469269,0.08340758085250854,0.13374543190002441,0.32230499386787415,0.15856686234474182,0.1334879994392395,0.543238639831543,0.17215831577777863,0.06334607303142548,0.4171763062477112,0.003213167190551758,0.05751461163163185,0.33040547370910645,0.06472773849964142,0.05497213825583458,0.31179213523864746,0.14843645691871643,0.056333716958761215,0.5480388402938843,0.18383148312568665,-0.014602440409362316,0.41527244448661804,0.011491119861602783,-0.021584847941994667,0.32870733737945557,0.07568834722042084,-0.016716783866286278,0.3015314042568207,0.15541613101959229,-0.012532785534858704,0.52488112449646,0.21771365404129028,-0.08601418137550354,0.4088605046272278,0.08792799711227417,-0.09575185924768448,0.33929455280303955,0.11179780960083008,-0.09279759228229523,0.3104541301727295,0.16627557575702667,-0.09079265594482422
love,0.717108964920044,0.5420053005218506,-8.970209250946937e-07,0.5519519448280334,0.5103660225868225,0.07448681443929672,0.4564112424850464,0.43915075063705444,0.09514854103326797,0.37167638540267944,0.4364759922027588,0.09295303374528885,0.3118964433670044,0.4752938449382782,0.08990922570228577,0.5302653908729553,0.2005283236503601,0.09054750949144363,0.4259485900402069,0.03441233932971954,0.0792125016450882,0.3503707945346832,0.0865907371044159,0.07157228142023087,0.32337522506713867,0.16365675628185272,0.070513054728508,0.5611084699630737,0.18026010692119598,0.03563793748617172,0.42814046144485474,0.004564821720123291,0.02458900213241577,0.3408181071281433,0.06774935126304626,0.02323134057223797,0.3195881247520447,0.15009191632270813,0.02518928237259388,0.570510745048523,0.19638849794864655,-0.021110303699970245,0.4284173846244812,0.025044173002243042,-0.027158640325069427,0.34282004833221436,0.09062722325325012,-0.022090347483754158,0.31542760133743286,0.17023707926273346,-0.0190738458186388,0.5511914491653442,0.23645561933517456,-0.07350840419530869,0.4364622235298157,0.11393645405769348,-0.08305900543928146,0.3669441342353821,0.13079826533794403,-0.08357220143079758,0.33519527316093445,0.1757078766822815,-0.08447770029306412
love,0.7287877202033997,0.5466970205307007,-1.0427095276099863e-06,0.5541542172431946,0.5106002688407898,0.11643090099096298,0.46087995171546936,0.44246572256088257,0.1565152257680893,0.3776523172855377,0.4413415193557739,0.16432318091392517,0.31407099962234497,0.4629775583744049,0.16879335045814514,0.5359797477722168,0.20314696431159973,0.14408785104751587,0.431445449590683,0.04336059093475342,0.1440008282661438,0.35606756806373596,0.09447968006134033,0.1403965801000595,0.3287545442581177,0.17011401057243347,0.1402609646320343,0.5659070611000061,0.18552513420581818,0.06703038513660431,0.4304908215999603,0.007293641567230225,0.0628068670630455,0.34333765506744385,0.06945878267288208,0.06081555783748627,0.3233620822429657,0.15498793125152588,0.061440594494342804,0.573898196220398,0.201931431889534,-0.010390114970505238,0.4299713373184204,0.027617305517196655,-0.011420981027185917,0.3450169861316681,0.09337805211544037,-0.004868794698268175,0.3167456388473511,0.17169374227523804,-0.0024870482739061117,0.5527548789978027,0.24257688224315643,-0.08047422021627426,0.4375384449958801,0.12275227904319763,-0.08894465118646622,0.3675348162651062,0.14100360870361328,-0.08930099755525589,0.3335874676704407,0.18558257818222046,-0.09126491844654083
love,0.7315452098846436,0.5500377416610718,-1.0912023071796284e-06,0.5612016916275024,0.5183172225952148,0.11252021789550781,0.4657045304775238,0.44655048847198486,0.15237730741500854,0.38172924518585205,0.44432052969932556,0.16096670925617218,0.3183748722076416,0.4699561297893524,0.16726154088974,0.539598822593689,0.2077343761920929,0.1392756551504135,0.43213847279548645,0.04916954040527344,0.13865678012371063,0.35828307271003723,0.10028274357318878,0.13629142940044403,0.3325452506542206,0.1753200888633728,0.13832762837409973,0.5673069357872009,0.1872148960828781,0.06498157978057861,0.4292426109313965,0.01311078667640686,0.05975903198122978,0.3432905673980713,0.07865859568119049,0.05975205823779106,0.32588624954223633,0.16632713377475739,0.06330285221338272,0.572617769241333,0.20098215341567993,-0.009765375405550003,0.42688512802124023,0.02669578790664673,-0.01236292440444231,0.34281784296035767,0.09670445322990417,-0.004815677180886269,0.3176354169845581,0.17868226766586304,0.0005020809476263821,0.5488157868385315,0.23968134820461273,-0.07725364714860916,0.42469584941864014,0.1114879846572876,-0.08186747133731842,0.3569409251213074,0.13794909417629242,-0.0768781304359436,0.3308494985103607,0.19426564872264862,-0.07406076043844223
love,0.7333122491836548,0.5538678169250488,-1.1260875680818572e-06,0.5627398490905762,0.5240753293037415,0.12103324383497238,0.4650341272354126,0.45248860120773315,0.16588594019412994,0.38140594959259033,0.44912469387054443,0.17663556337356567,0.3165542483329773,0.4713740944862366,0.185102641582489,0.5408071279525757,0.20875823497772217,0.158047616481781,0.43446534872055054,0.05009452998638153,0.16144029796123505,0.35932520031929016,0.10392408072948456,0.16055169701576233,0.33495616912841797,0.1794346272945404,0.163054421544075,0.5672252774238586,0.1877264827489853,0.07834680378437042,0.42991605401039124,0.013684988021850586,0.07633860409259796,0.3433063328266144,0.0837554782629013,0.07652425765991211,0.3285718858242035,0.1725640892982483,0.08003642410039902,0.5703776478767395,0.20030710101127625,-0.002344308653846383,0.42626485228538513,0.023811697959899902,-0.003949614707380533,0.3411659598350525,0.09872932732105255,0.003079302841797471,0.3175252676010132,0.1835024654865265,0.008242852985858917,0.5445746183395386,0.23746591806411743,-0.0753733441233635,0.4188610911369324,0.10442402958869934,-0.07862532883882523,0.3502371609210968,0.13871872425079346,-0.07224860042333603,0.3256675601005554,0.2034597247838974,-0.06852910667657852
love,0.734782338142395,0.5575559139251709,-1.0723682635216392e-06,0.5651000142097473,0.5284473299980164,0.1124529093503952,0.46719902753829956,0.45501410961151123,0.15331308543682098,0.3828927278518677,0.4492753744125366,0.16247358918190002,0.3187652826309204,0.4728809595108032,0.1695576310157776,0.5421314239501953,0.2105090320110321,0.1454230397939682,0.43516191840171814,0.04837632179260254,0.14644424617290497,0.3600820004940033,0.0993724912405014,0.1447729915380478,0.33379068970680237,0.172846719622612,0.14713183045387268,0.5692930817604065,0.18958020210266113,0.07094310224056244,0.43096020817756653,0.012879759073257446,0.06666196882724762,0.34359586238861084,0.08108587563037872,0.06673871725797653,0.3262608051300049,0.1689462661743164,0.07069548964500427,0.5736227035522461,0.2038758248090744,-0.004590789321810007,0.4288298189640045,0.02766159176826477,-0.006923810578882694,0.3430667221546173,0.0986528992652893,-0.0003621520008891821,0.31794092059135437,0.1815001219511032,0.004622833337634802,0.5492804646492004,0.24309156835079193,-0.07299510389566422,0.42427098751068115,0.1146504282951355,-0.07702308893203735,0.35571810603141785,0.1432720273733139,-0.07215233892202377,0.32982832193374634,0.20154106616973877,-0.06923981010913849
love,0.732017993927002,0.5578205585479736,-1.1407432793930639e-06,0.5626653432846069,0.5280993580818176,0.12036227434873581,0.46633386611938477,0.4547802209854126,0.1641365885734558,0.3827258348464966,0.45044565200805664,0.17400670051574707,0.3194260895252228,0.4754566550254822,0.18131928145885468,0.5440347790718079,0.20880334079265594,0.1532423347234726,0.437219500541687,0.047601550817489624,0.15582333505153656,0.3620724678039551,0.10253079235553741,0.15529754757881165,0.33885669708251953,0.17885959148406982,0.15812712907791138,0.5702623128890991,0.18934285640716553,0.07376014441251755,0.43228214979171753,0.012590229511260986,0.07149062305688858,0.3457163870334625,0.08166544139385223,0.07274417579174042,0.33130133152008057,0.16887301206588745,0.07673578709363937,0.5730161666870117,0.20429234206676483,-0.006510696839541197,0.42918214201927185,0.025317490100860596,-0.008755544200539589,0.34329792857170105,0.0982607901096344,-0.0015418656403198838,0.31955665349960327,0.18167129158973694,0.0036340910010039806,0.5458551645278931,0.24279636144638062,-0.07901590317487717,0.4199320375919342,0.10889007151126862,-0.08385756611824036,0.3517472445964813,0.14126735925674438,-0.07814671844244003,0.32802483439445496,0.20554259419441223,-0.07473565638065338
love,0.7325013875961304,0.5580316781997681,-1.1326322919558152e-06,0.561329185962677,0.5252339243888855,0.1206679493188858,0.4657765328884125,0.4542014002799988,0.1630701869726181,0.3821333646774292,0.45105254650115967,0.17112578451633453,0.31783607602119446,0.4754039943218231,0.17652910947799683,0.5455520153045654,0.20781338214874268,0.15316267311573029,0.43691161274909973,0.051452696323394775,0.15609653294086456,0.3624991774559021,0.10815493762493134,0.15517066419124603,0.3391515612602234,0.18443799018859863,0.15718941390514374,0.570838987827301,0.18784505128860474,0.07309405505657196,0.4312782287597656,0.014802724123001099,0.07170316576957703,0.3452408015727997,0.0835554450750351,0.07284672558307648,0.32968562841415405,0.16968576610088348,0.07605226337909698,0.5729315280914307,0.20344999432563782,-0.007572042290121317,0.42838260531425476,0.028406202793121338,-0.008440299890935421,0.3426395356655121,0.10099992156028748,0.00020629438222385943,0.31772804260253906,0.18340212106704712,0.005697319749742746,0.5451620817184448,0.24402709305286407,-0.08063624054193497,0.4211071729660034,0.1096072643995285,-0.08309496939182281,0.35200783610343933,0.13946188986301422,-0.07552870362997055,0.3260209560394287,0.201045960187912,-0.07144338637590408
love,0.7387328147888184,0.5462615489959717,-8.377512585866498e-07,0.5635066628456116,0.5211693048477173,0.04630032554268837,0.4651358425617218,0.4508906900882721,0.05653797462582588,0.3845984935760498,0.4397203326225281,0.051253627985715866,0.32552632689476013,0.4625619351863861,0.04727629944682121,0.5362961888313293,0.2108895182609558,0.05315012112259865,0.43305128812789917,0.04359114170074463,0.03232845291495323,0.35852697491645813,0.09973013401031494,0.018785249441862106,0.3315412402153015,0.1773947775363922,0.015186356380581856,0.5705382227897644,0.18775242567062378,0.01608964242041111,0.43982821702957153,0.009260684251785278,-0.0024185916408896446,0.35508042573928833,0.07506059110164642,-0.006681298371404409,0.3337533473968506,0.1566314548254013,-0.005839634221047163,0.5845271944999695,0.20318882167339325,-0.023167720064520836,0.45011425018310547,0.02911391854286194,-0.032887548208236694,0.3676980137825012,0.09146913886070251,-0.030325239524245262,0.3416315019130707,0.16869188845157623,-0.028297869488596916,0.5717793703079224,0.24389880895614624,-0.059713974595069885,0.46922507882118225,0.12374554574489594,-0.06803422421216965,0.404157429933548,0.14124247431755066,-0.06773807853460312,0.37425893545150757,0.18731552362442017,-0.06755460053682327
love,0.7431654930114746,0.543825089931488,-8.386479066757602e-07,0.5667974948883057,0.5243096351623535,0.06099601835012436,0.4691404104232788,0.4513208866119385,0.0876392126083374,0.3887895345687866,0.4376527667045593,0.09687940031290054,0.32812321186065674,0.46069973707199097,0.10774480551481247,0.5406304001808167,0.21188318729400635,0.09352941066026688,0.43951231241226196,0.046395957469940186,0.0876673087477684,0.3631901144981384,0.09363770484924316,0.0816483125090599,0.33439329266548157,0.16619865596294403,0.08318153023719788,0.5720623135566711,0.18740010261535645,0.05488342046737671,0.44881966710090637,0.008405536413192749,0.04753558710217476,0.3616805076599121,0.06814098358154297,0.043947480618953705,0.3388599157333374,0.1475728154182434,0.04611671715974808,0.5844936966896057,0.19934864342212677,0.013756257481873035,0.45512136816978455,0.025151759386062622,0.010562210343778133,0.36573535203933716,0.08546771109104156,0.009518345817923546,0.3349870443344116,0.16226032376289368,0.010660125873982906,0.5715076327323914,0.23755522072315216,-0.023222239688038826,0.45982274413108826,0.11288517713546753,-0.02736276388168335,0.38656389713287354,0.12916859984397888,-0.028542982414364815,0.35278236865997314,0.17685145139694214,-0.028464199975132942
love,0.7413284778594971,0.5376447439193726,-6.799814400437754e-07,0.5684838891029358,0.521462082862854,0.025412097573280334,0.4661390781402588,0.44868525862693787,0.03381858766078949,0.38686734437942505,0.4332566261291504,0.033572256565093994,0.32908040285110474,0.45958927273750305,0.03638347238302231,0.5415402054786682,0.20864403247833252,0.03728969022631645,0.4395580589771271,0.04145437479019165,0.019142409786581993,0.3648621737957001,0.09286825358867645,0.006934867240488529,0.33552035689353943,0.16979947686195374,0.005390915088355541,0.5752943158149719,0.18436023592948914,0.018425729125738144,0.45172256231307983,0.005798369646072388,0.002397275296971202,0.3690335750579834,0.06834201514720917,-0.0033959720749408007,0.34570568799972534,0.1469116508960724,-0.0029356558807194233,0.5916370153427124,0.19841225445270538,-0.0027918934356421232,0.46425384283065796,0.024205893278121948,-0.01099320873618126,0.3809683322906494,0.08440777659416199,-0.013643203303217888,0.35214102268218994,0.16237713396549225,-0.01350728701800108,0.5827069878578186,0.2408384084701538,-0.022070730105042458,0.4821035861968994,0.12129610776901245,-0.028767984360456467,0.4128815233707428,0.1358925849199295,-0.03190910443663597,0.3792685866355896,0.1807917356491089,-0.03297262266278267
love,0.7376526594161987,0.5394977927207947,-8.211056297113828e-07,0.5680029392242432,0.5145133137702942,0.05458275228738785,0.46925607323646545,0.444873571395874,0.0711163878440857,0.3874790370464325,0.4348439574241638,0.0701756402850151,0.326000452041626,0.4543623924255371,0.07066832482814789,0.5452955961227417,0.20466820895671844,0.07205712795257568,0.4440937638282776,0.04070639610290527,0.056120555847883224,0.36988312005996704,0.09452256560325623,0.04527615010738373,0.3427225351333618,0.170166477560997,0.043820228427648544,0.5759559273719788,0.18202295899391174,0.031498637050390244,0.4496471583843231,0.004788488149642944,0.015697233378887177,0.3666028380393982,0.0716196745634079,0.010932832956314087,0.3471434712409973,0.15239226818084717,0.012419119477272034,0.5878709554672241,0.19579288363456726,-0.011511122807860374,0.455203115940094,0.02063402533531189,-0.021548835560679436,0.3705252408981323,0.08728669583797455,-0.020686881616711617,0.3435564637184143,0.16697655618190765,-0.01801355555653572,0.5735974311828613,0.2367505431175232,-0.050942037254571915,0.4636930823326111,0.11246928572654724,-0.059875186532735825,0.39334380626678467,0.1336570531129837,-0.06040958687663078,0.36167585849761963,0.18390685319900513,-0.05964027717709541
love,0.7395932078361511,0.5459809899330139,-8.09427490366943e-07,0.5664255023002625,0.5159593820571899,0.04584093391895294,0.4683109223842621,0.44441521167755127,0.05562053620815277,0.38794222474098206,0.43362748622894287,0.050614263862371445,0.3293105661869049,0.45261311531066895,0.04677387326955795,0.5442188382148743,0.2075662761926651,0.04866247996687889,0.44329866766929626,0.04077810049057007,0.025984246283769608,0.36795270442962646,0.09512707591056824,0.011924072168767452,0.34007763862609863,0.17279104888439178,0.008520815521478653,0.5798764824867249,0.18758058547973633,0.011561394669115543,0.45068836212158203,0.008228927850723267,-0.009609390050172806,0.3682381212711334,0.07466205954551697,-0.014949343167245388,0.3490341305732727,0.1557098627090454,-0.013960814103484154,0.596993088722229,0.205839142203331,-0.027434946969151497,0.4617699682712555,0.03139910101890564,-0.03945404663681984,0.38095858693122864,0.09524063766002655,-0.03715471923351288,0.3561081290245056,0.17210756242275238,-0.034453004598617554,0.5886135697364807,0.25178444385528564,-0.06345917284488678,0.4861275255680084,0.13139371573925018,-0.07563935220241547,0.42014336585998535,0.14684320986270905,-0.07741270214319229,0.3897725045681,0.1903350055217743,-0.07771451771259308
love,0.7354340553283691,0.5481663346290588,-8.712114549780381e-07,0.568192720413208,0.5199013948440552,0.05594659224152565,0.470446914434433,0.44636499881744385,0.07092191278934479,0.39042431116104126,0.4343985319137573,0.06731199473142624,0.3312249183654785,0.45384880900382996,0.06468736380338669,0.548140287399292,0.20424321293830872,0.07059136033058167,0.4453098773956299,0.0437968373298645,0.052491653710603714,0.3710711598396301,0.09805066883563995,0.03955555707216263,0.3444342613220215,0.1764453947544098,0.03660222887992859,0.5800371766090393,0.1826370358467102,0.026654720306396484,0.4514197111129761,0.006034165620803833,0.009102178737521172,0.3688296675682068,0.07190489768981934,0.003209085902199149,0.3492600917816162,0.15628693997859955,0.004002357367426157,0.5919109582901001,0.19744038581848145,-0.019582822918891907,0.45821359753608704,0.021101802587509155,-0.030693549662828445,0.3755923807621002,0.08722087740898132,-0.02917264588177204,0.3497673273086548,0.16934332251548767,-0.026112981140613556,0.5765364170074463,0.23920395970344543,-0.062392182648181915,0.4665948450565338,0.1137286126613617,-0.07184159755706787,0.39791300892829895,0.13667809963226318,-0.07079239189624786,0.36711758375167847,0.19122202694416046,-0.06882093846797943
love,0.7396501302719116,0.5521873235702515,-8.334660606124089e-07,0.5642932653427124,0.5179517269134521,0.056647758930921555,0.47161898016929626,0.4446413516998291,0.06691552698612213,0.39285677671432495,0.43441879749298096,0.058201566338539124,0.3326783776283264,0.4546073079109192,0.048826638609170914,0.5466009378433228,0.2054080069065094,0.060802485793828964,0.4463570713996887,0.043748319149017334,0.039053015410900116,0.37329888343811035,0.0984690934419632,0.02308962307870388,0.3447921872138977,0.17597287893295288,0.016888944432139397,0.5823534727096558,0.188652902841568,0.01440460979938507,0.45302140712738037,0.0132865309715271,-0.005496583413332701,0.37072765827178955,0.07831616699695587,-0.01281719096004963,0.3488030433654785,0.1594890058040619,-0.014763987623155117,0.5993853211402893,0.21178093552589417,-0.033534035086631775,0.4641391634941101,0.03996202349662781,-0.04409226030111313,0.3835022747516632,0.10169598460197449,-0.04050588607788086,0.35585272312164307,0.17730218172073364,-0.03880996257066727,0.5899302363395691,0.26279452443122864,-0.0782141461968422,0.48997774720191956,0.14527581632137299,-0.08927422016859055,0.4251496195793152,0.15668725967407227,-0.0893574133515358,0.3919210731983185,0.19499285519123077,-0.08977216482162476
love,0.7349110841751099,0.5514624118804932,-9.591503840056248e-07,0.5682212114334106,0.5206242799758911,0.07361184060573578,0.47309499979019165,0.44663387537002563,0.09553450345993042,0.3932485580444336,0.43711352348327637,0.09346430748701096,0.33260440826416016,0.4540979266166687,0.0915483608841896,0.5497448444366455,0.20280945301055908,0.0955968126654625,0.4497755169868469,0.040975868701934814,0.08177397400140762,0.3774133026599884,0.09902298450469971,0.0716392770409584,0.353298544883728,0.17845946550369263,0.07003704458475113,0.5794984102249146,0.18193653225898743,0.040370479226112366,0.4513557553291321,0.006588280200958252,0.025943825021386147,0.37062734365463257,0.0783892422914505,0.0219593346118927,0.3548649251461029,0.16387803852558136,0.024160131812095642,0.58921217918396,0.19571541249752045,-0.017214052379131317,0.4558583199977875,0.018910139799118042,-0.026794973760843277,0.3748547434806824,0.09195487201213837,-0.022701820358633995,0.35116755962371826,0.1755574345588684,-0.01784730888903141,0.5714582800865173,0.2362826019525528,-0.07046094536781311,0.46031489968299866,0.10662390291690826,-0.07752183079719543,0.3935050368309021,0.13708984851837158,-0.07311244308948517,0.36609289050102234,0.19853761792182922,-0.06911299377679825
love,0.7442983388900757,0.5568215847015381,-8.317817332681443e-07,0.5645526051521301,0.5182763338088989,0.058959171175956726,0.4721841514110565,0.44345903396606445,0.07012750953435898,0.39360663294792175,0.4335594177246094,0.06197764351963997,0.33352893590927124,0.4558994174003601,0.05300159007310867,0.5517233610153198,0.20694653689861298,0.0625920370221138,0.4504524767398834,0.04196953773498535,0.041602522134780884,0.37574827671051025,0.0971277505159378,0.026326311752200127,0.3461590111255646,0.1752835214138031,0.02029840275645256,0.5877690315246582,0.19184798002243042,0.015185880474746227,0.45656469464302063,0.013823240995407104,-0.003646915080025792,0.3723759353160858,0.07763993740081787,-0.01036110520362854,0.3493530750274658,0.15804459154605865,-0.012459714896976948,0.6053097248077393,0.21791018545627594,-0.033598463982343674,0.4685083329677582,0.04455485939979553,-0.04300941899418831,0.3863064646720886,0.1034809798002243,-0.03901320695877075,0.356827050447464,0.1763315349817276,-0.03776444122195244,0.5958168506622314,0.2729993164539337,-0.07899250090122223,0.4977644681930542,0.1557360142469406,-0.08993403613567352,0.4319164752960205,0.16239571571350098,-0.09066755324602127,0.3966003656387329,0.19476598501205444,-0.09206940978765488
love,0.7385374903678894,0.5505309104919434,-9.58527493821748e-07,0.5718994140625,0.5229341983795166,0.08015061169862747,0.4785006046295166,0.4496554732322693,0.10936430096626282,0.39863649010658264,0.43886080384254456,0.11334776133298874,0.33725228905677795,0.454453706741333,0.11777222156524658,0.5520357489585876,0.20412595570087433,0.11647902429103851,0.4571956396102905,0.0398554801940918,0.10925526171922684,0.3841865658760071,0.09328325092792511,0.10233155637979507,0.35926318168640137,0.16951406002044678,0.10255945473909378,0.5786771178245544,0.1830229014158249,0.060214005410671234,0.45874178409576416,0.004475146532058716,0.050763338804244995,0.3758070170879364,0.07167406380176544,0.048125263303518295,0.35821786522865295,0.1562395840883255,0.05147290229797363,0.5860939621925354,0.19598837196826935,0.0009481774759478867,0.4596390724182129,0.019004374742507935,-0.005374568048864603,0.376003235578537,0.08747076988220215,-0.0017461450770497322,0.34956663846969604,0.16799713671207428,0.002942491788417101,0.5673298835754395,0.2356548011302948,-0.053695905953645706,0.45756766200065613,0.10510803759098053,-0.05860048905014992,0.38964834809303284,0.13241910934448242,-0.054640546441078186,0.36142587661743164,0.19119015336036682,-0.051029305905103683
love,0.7381533980369568,0.5516515374183655,-8.804598223832727e-07,0.5713529586791992,0.5172191262245178,0.05977291241288185,0.4742107093334198,0.44230544567108154,0.07507217675447464,0.3942379951477051,0.43103599548339844,0.06971149146556854,0.3336026072502136,0.453614741563797,0.06512541323900223,0.552863359451294,0.20828057825565338,0.07789451628923416,0.46177810430526733,0.036779582500457764,0.05714131146669388,0.38536909222602844,0.08819468319416046,0.04232776537537575,0.35497578978538513,0.16542761027812958,0.03757954388856888,0.5844763517379761,0.1861594021320343,0.028794271871447563,0.46424224972724915,0.0020566582679748535,0.009225177578628063,0.378742516040802,0.06775660812854767,0.003277825191617012,0.35636723041534424,0.15210239589214325,0.0037989418487995863,0.5961763858795166,0.20079326629638672,-0.02363603189587593,0.47046327590942383,0.01815551519393921,-0.03753966465592384,0.38402441143989563,0.0812457799911499,-0.03622853383421898,0.3528765141963959,0.16192041337490082,-0.033419761806726456,0.5805361270904541,0.24290812015533447,-0.07281487435102463,0.4780382513999939,0.11485446989536285,-0.08468972891569138,0.4074252247810364,0.13168087601661682,-0.0852525383234024,0.37107113003730774,0.1801699995994568,-0.08500798046588898
love,0.7383111715316772,0.5516626834869385,-8.987788078229642e-07,0.5689152479171753,0.5179336667060852,0.07142451405525208,0.47473540902137756,0.44143903255462646,0.09180212765932083,0.3966517448425293,0.4303878843784332,0.08874861896038055,0.3380467891693115,0.4528181850910187,0.08548182249069214,0.5555984377861023,0.2026301771402359,0.09207184612751007,0.46024787425994873,0.03328549861907959,0.0765070989727974,0.3855435252189636,0.08619993925094604,0.064786396920681,0.35808199644088745,0.16371160745620728,0.062039025127887726,0.586807131767273,0.18270710110664368,0.03713943809270859,0.46248409152030945,-0.0012541413307189941,0.02115488424897194,0.37735551595687866,0.06548614799976349,0.01602211408317089,0.35725247859954834,0.15108372271060944,0.017655806615948677,0.5976970195770264,0.19861319661140442,-0.02029968425631523,0.4671823978424072,0.0180397629737854,-0.03136783838272095,0.3810204267501831,0.08289049565792084,-0.02861814759671688,0.35196542739868164,0.1633228361606598,-0.024381261318922043,0.5805164575576782,0.24145807325839996,-0.07354705780744553,0.47131335735321045,0.11050595343112946,-0.08155396580696106,0.4019143879413605,0.1311262845993042,-0.07813496142625809,0.3697066307067871,0.18400801718235016,-0.07490766048431396
love,0.7455775737762451,0.5568794012069702,-8.547652328161348e-07,0.5726854205131531,0.520622968673706,0.05907592549920082,0.47810909152030945,0.44468992948532104,0.0766412764787674,0.39825302362442017,0.4307595491409302,0.07449958473443985,0.33955320715904236,0.45650267601013184,0.07264968752861023,0.5557599067687988,0.20639097690582275,0.08121331036090851,0.4584102928638458,0.04534748196601868,0.06734883785247803,0.38608479499816895,0.09584631025791168,0.0549035407602787,0.3577885031700134,0.17160272598266602,0.051198944449424744,0.5865745544433594,0.18607927858829498,0.03708013892173767,0.46341240406036377,0.012572228908538818,0.024560390040278435,0.3810694217681885,0.07238177955150604,0.018246328458189964,0.3576835095882416,0.1522337645292282,0.017200397327542305,0.5986489057540894,0.20382964611053467,-0.009432461112737656,0.46817123889923096,0.03053683042526245,-0.01638949103653431,0.38484710454940796,0.08946208655834198,-0.014974823221564293,0.35469192266464233,0.16719794273376465,-0.013318303972482681,0.5832445621490479,0.2502593398094177,-0.05257304012775421,0.47766542434692383,0.1237034946680069,-0.05768245458602905,0.4086229205131531,0.13769681751728058,-0.055543579161167145,0.37333589792251587,0.183325856924057,-0.05418538302183151
love,0.7357386350631714,0.55792236328125,-9.03777049643395e-07,0.5779301524162292,0.524456262588501,0.06584274768829346,0.4780416786670685,0.44746696949005127,0.08731256425380707,0.39771950244903564,0.4371728301048279,0.08582377433776855,0.33716216683387756,0.4573131799697876,0.08526387810707092,0.5540723204612732,0.20379340648651123,0.09713660180568695,0.45759016275405884,0.04443836212158203,0.08270890265703201,0.38579094409942627,0.09674340486526489,0.07082304358482361,0.36018526554107666,0.1733008623123169,0.06826090067625046,0.5818955898284912,0.1821887195110321,0.04511113464832306,0.46093618869781494,0.004512488842010498,0.029374413192272186,0.379117876291275,0.07244668900966644,0.023064857348799706,0.3596157729625702,0.16158969700336456,0.0249844528734684,0.5915787220001221,0.19477233290672302,-0.010497361421585083,0.46510711312294006,0.020311176776885986,-0.02361370250582695,0.3822233974933624,0.08940349519252777,-0.023377714678645134,0.3555312156677246,0.1743437796831131,-0.01894633285701275,0.5754953622817993,0.23510292172431946,-0.06240658089518547,0.4645833671092987,0.10596536099910736,-0.07014218717813492,0.39758941531181335,0.13564978539943695,-0.0663934275507927,0.3696572482585907,0.19769570231437683,-0.061960767954587936
love,0.7430868148803711,0.5620836019515991,-9.598434189683758e-07,0.5680123567581177,0.5228369235992432,0.08726909011602402,0.4764716327190399,0.44810596108436584,0.11755985766649246,0.39774322509765625,0.4387872815132141,0.12081614881753922,0.3355407118797302,0.45909011363983154,0.12246378511190414,0.559248685836792,0.20913174748420715,0.12323420494794846,0.459969699382782,0.05225801467895508,0.11920445412397385,0.38782769441604614,0.10124953091144562,0.11066143214702606,0.3600888252258301,0.17351114749908447,0.10800007730722427,0.5883609652519226,0.1884613037109375,0.06276469677686691,0.46221697330474854,0.01719534397125244,0.05802404507994652,0.3774791955947876,0.07761266827583313,0.05134790018200874,0.355286568403244,0.15956313908100128,0.04878747835755348,0.5972405672073364,0.20584097504615784,0.00026900344528257847,0.46451836824417114,0.03180500864982605,-0.002171760657802224,0.3783073127269745,0.09322308003902435,-0.0008766073151491582,0.34788769483566284,0.17146366834640503,-0.0004503383825067431,0.5772665739059448,0.25226566195487976,-0.056989990174770355,0.4655400812625885,0.12408995628356934,-0.05911324545741081,0.39542287588119507,0.1422787755727768,-0.05539010092616081,0.3614084720611572,0.19073417782783508,-0.053987566381692886
love,0.7343674302101135,0.5630648136138916,-9.150330129159556e-07,0.5719010829925537,0.5293272733688354,0.06999543309211731,0.474279522895813,0.45311152935028076,0.09208469837903976,0.3954775035381317,0.44160526990890503,0.08948376029729843,0.33609092235565186,0.46224045753479004,0.08694338798522949,0.5533371567726135,0.2123509645462036,0.10345342755317688,0.4590940475463867,0.05325058102607727,0.09138277918100357,0.3891012668609619,0.10473456978797913,0.07939079403877258,0.3624022603034973,0.17907249927520752,0.07568877935409546,0.5818425416946411,0.1900952160358429,0.04930950328707695,0.46082499623298645,0.016649186611175537,0.03695860505104065,0.37997621297836304,0.08191348612308502,0.02970692329108715,0.35912999510765076,0.16850030422210693,0.02909429743885994,0.5913742780685425,0.20224826037883759,-0.00821432564407587,0.4646499454975128,0.029333651065826416,-0.018346471711993217,0.3816922903060913,0.09667310118675232,-0.01881885714828968,0.35306262969970703,0.1811033934354782,-0.016582122072577477,0.5728344917297363,0.241389200091362,-0.06188081577420235,0.464852899312973,0.1119082123041153,-0.06787743419408798,0.39748600125312805,0.1398547887802124,-0.06449354439973831,0.3659459352493286,0.2006542831659317,-0.06163479760289192
love,0.7362223267555237,0.56644207239151,-9.488937280366372e-07,0.566736102104187,0.5287684798240662,0.07755251973867416,0.473812073469162,0.454983115196228,0.09860807657241821,0.3956018090248108,0.4458951950073242,0.09394872933626175,0.33432963490486145,0.4668797552585602,0.08772249519824982,0.5637282133102417,0.21178637444972992,0.09964358061552048,0.4603668749332428,0.05498799681663513,0.08762260526418686,0.3865188956260681,0.10677041113376617,0.07569656521081924,0.3576260209083557,0.18001613020896912,0.07149995863437653,0.5927019715309143,0.19052956998348236,0.04134386032819748,0.4593839645385742,0.022265583276748657,0.029395829886198044,0.37279683351516724,0.08934973180294037,0.021937353536486626,0.3512449562549591,0.1765189915895462,0.01977214775979519,0.5990579128265381,0.2076585292816162,-0.018745334818959236,0.46205079555511475,0.038885653018951416,-0.026644347235560417,0.3750340938568115,0.10645805299282074,-0.025395747274160385,0.34604060649871826,0.18901674449443817,-0.023694440722465515,0.5746034979820251,0.2528405785560608,-0.07413949072360992,0.4618951976299286,0.12574191391468048,-0.07882631570100784,0.3934018015861511,0.1488923877477646,-0.07412825524806976,0.36227065324783325,0.20234188437461853,-0.07115085422992706
love,0.7356181144714355,0.568652868270874,-1.0202110161117162e-06,0.5680229067802429,0.5283250212669373,0.09085343033075333,0.4768161177635193,0.4545397162437439,0.11852488666772842,0.39766743779182434,0.4455292522907257,0.11773142218589783,0.33457711338996887,0.4668582081794739,0.11496292054653168,0.5632630586624146,0.21395844221115112,0.11520415544509888,0.45696014165878296,0.05314195156097412,0.1078290119767189,0.3832794427871704,0.10811872780323029,0.0998753160238266,0.359451562166214,0.18567132949829102,0.0984838455915451,0.5912209153175354,0.1945609599351883,0.05046440660953522,0.45562487840652466,0.021551132202148438,0.04138842970132828,0.37102454900741577,0.08845412731170654,0.03644087165594101,0.3542892634868622,0.17608603835105896,0.03667251393198967,0.5963982343673706,0.2111731469631195,-0.015462694689631462,0.45674923062324524,0.03587213158607483,-0.021024741232395172,0.3724687695503235,0.10413023829460144,-0.01651526428759098,0.347179651260376,0.18588824570178986,-0.012305933982133865,0.571511447429657,0.2544149160385132,-0.07572884112596512,0.45393097400665283,0.11948713660240173,-0.0787239670753479,0.3867669105529785,0.1457386016845703,-0.07113108038902283,0.3601345121860504,0.20409750938415527,-0.06582696735858917
love,0.7389127612113953,0.5721033811569214,-1.0514901305214153e-06,0.5663657188415527,0.5297261476516724,0.10028371214866638,0.47695744037628174,0.45643797516822815,0.1326403021812439,0.39858880639076233,0.4485468864440918,0.13399538397789001,0.3343564569950104,0.46710091829299927,0.13296949863433838,0.5578849911689758,0.21537384390830994,0.13085250556468964,0.4561171233654022,0.05480484664440155,0.12495245039463043,0.3838355541229248,0.11038756370544434,0.11651091277599335,0.3597468137741089,0.18949951231479645,0.11447668820619583,0.5855413675308228,0.19655010104179382,0.06091496720910072,0.45465952157974243,0.02423161268234253,0.05258769914507866,0.3713580369949341,0.09045723080635071,0.04660656303167343,0.3541589379310608,0.17767176032066345,0.04585818201303482,0.5913423299789429,0.2130396068096161,-0.010408254340291023,0.4545571804046631,0.03913578391075134,-0.015375715680420399,0.37129974365234375,0.10895989835262299,-0.011174187995493412,0.3451204299926758,0.19211900234222412,-0.007650680840015411,0.5682002305984497,0.25592437386512756,-0.07560468465089798,0.45372986793518066,0.12215577065944672,-0.07848099619150162,0.38719987869262695,0.14979855716228485,-0.07144007831811905,0.35953783988952637,0.20895248651504517,-0.06705665588378906
love,0.7428834438323975,0.5721414089202881,-9.758957730809925e-07,0.5675864219665527,0.5329062342643738,0.0801851749420166,0.474728524684906,0.4545431435108185,0.10253569483757019,0.39792484045028687,0.4457566738128662,0.09954749792814255,0.33941149711608887,0.46894052624702454,0.09490339457988739,0.5611042976379395,0.2155335545539856,0.09581971168518066,0.46015316247940063,0.05308696627616882,0.08225083351135254,0.38552433252334595,0.10600093007087708,0.07081490755081177,0.35660842061042786,0.18295082449913025,0.06698283553123474,0.5923107862472534,0.19662171602249146,0.03613085299730301,0.45715785026550293,0.02354651689529419,0.02286781370639801,0.3725213408470154,0.09083977341651917,0.018148353323340416,0.35250750184059143,0.17663301527500153,0.018222857266664505,0.6029250025749207,0.2164911925792694,-0.024897657334804535,0.4623880386352539,0.04810181260108948,-0.031480494886636734,0.3797615170478821,0.11336582899093628,-0.02524305135011673,0.3521032929420471,0.18950161337852478,-0.021162336692214012,0.5857633948326111,0.26485875248908997,-0.08135465532541275,0.4770338833332062,0.14216884970664978,-0.08590804040431976,0.41160398721694946,0.16058966517448425,-0.07990239560604095,0.381014883518219,0.20605692267417908,-0.07649961113929749
love,0.7390961647033691,0.570198655128479,-1.041967607307015e-06,0.5699971318244934,0.5339667201042175,0.08937039971351624,0.47718697786331177,0.4568766951560974,0.11839743703603745,0.39928966760635376,0.4455786347389221,0.11895930022001266,0.34078121185302734,0.4682673215866089,0.11800701916217804,0.5606944561004639,0.21480175852775574,0.11689568310976028,0.4629363715648651,0.05388534069061279,0.10767579823732376,0.39080649614334106,0.10675723850727081,0.09889744222164154,0.3658141791820526,0.18421027064323425,0.09714462608098984,0.588365912437439,0.19540314376354218,0.052310142666101456,0.45970430970191956,0.021420836448669434,0.04077337309718132,0.37574729323387146,0.08733335137367249,0.03669057413935661,0.35718801617622375,0.1750498265028,0.03835873305797577,0.5949238538742065,0.21103164553642273,-0.014334549196064472,0.46183115243911743,0.03494518995285034,-0.02268795110285282,0.3780837059020996,0.10144256055355072,-0.01839248463511467,0.3510361313819885,0.18265488743782043,-0.013463077135384083,0.5727577209472656,0.2531631290912628,-0.07571104913949966,0.4609594941139221,0.11878266930580139,-0.08021678775548935,0.3939758539199829,0.14496709406375885,-0.0738101527094841,0.36456412076950073,0.203489750623703,-0.06923915445804596
love,0.7450767755508423,0.5727108120918274,-1.0026328709500376e-06,0.5721690058708191,0.5358174443244934,0.07605550438165665,0.4815358519554138,0.4586268365383148,0.09570802003145218,0.4048302173614502,0.44730299711227417,0.09153882414102554,0.3466249704360962,0.46931570768356323,0.08543730527162552,0.5698568820953369,0.21455663442611694,0.08424074202775955,0.4659719169139862,0.05340740084648132,0.06915460526943207,0.39184334874153137,0.11009776592254639,0.05823473632335663,0.36412477493286133,0.1869242638349533,0.05481124296784401,0.6015486121177673,0.1972838044166565,0.026974625885486603,0.464552104473114,0.022867679595947266,0.011023787781596184,0.37789186835289,0.09453155100345612,0.007278678007423878,0.35646480321884155,0.18131023645401,0.008640006184577942,0.6125173568725586,0.2214542180299759,-0.031150517985224724,0.47107940912246704,0.05367580056190491,-0.039424728602170944,0.3879425525665283,0.12025594711303711,-0.03226044401526451,0.35991042852401733,0.19440536201000214,-0.0272869523614645,0.5950241684913635,0.27352845668792725,-0.08473237603902817,0.48862525820732117,0.15607726573944092,-0.09140300750732422,0.42369818687438965,0.1721513867378235,-0.0867563933134079,0.3924437165260315,0.20948994159698486,-0.08401160687208176
love,0.7414884567260742,0.5715402364730835,-1.0666997241060017e-06,0.5719267129898071,0.53238844871521,0.08885205537080765,0.48359182476997375,0.45674481987953186,0.11539526283740997,0.4082118272781372,0.4478909969329834,0.11485946178436279,0.3489445447921753,0.4613511562347412,0.11287591606378555,0.5665379166603088,0.2175905406475067,0.10212074220180511,0.46758294105529785,0.0518830269575119,0.09030070900917053,0.39361175894737244,0.10884886980056763,0.08264622092247009,0.37086915969848633,0.18902912735939026,0.08228092640638351,0.5970308780670166,0.19950193166732788,0.03836558386683464,0.4647865295410156,0.019626200199127197,0.024867139756679535,0.38061514496803284,0.08950203657150269,0.02348446287214756,0.3653736114501953,0.17850559949874878,0.027186760678887367,0.6048012971878052,0.21774834394454956,-0.02627684362232685,0.4679613411426544,0.0395144522190094,-0.03426732122898102,0.38659554719924927,0.10832028090953827,-0.025632118806242943,0.3638125956058502,0.18901002407073975,-0.01852678880095482,0.5822368860244751,0.2625555694103241,-0.08544182777404785,0.4727294147014618,0.127869114279747,-0.09144748002290726,0.4075198173522949,0.1525154858827591,-0.08421074599027634,0.38098475337028503,0.20949992537498474,-0.07887659966945648
love,0.7486006021499634,0.5720021724700928,-9.027880309986358e-07,0.5760236978530884,0.5323042273521423,0.05327680706977844,0.4841775894165039,0.45773184299468994,0.06267083436250687,0.4083915948867798,0.44370192289352417,0.05585533007979393,0.35156601667404175,0.46545225381851196,0.04893585294485092,0.5690928101539612,0.21605345606803894,0.04239334538578987,0.46567511558532715,0.050934478640556335,0.021479468792676926,0.3902110457420349,0.10805860161781311,0.009606637060642242,0.3624725341796875,0.18871425092220306,0.0071609485894441605,0.6053447723388672,0.19954293966293335,0.0021477967966347933,0.4707888662815094,0.02255818247795105,-0.01772519014775753,0.3852403163909912,0.09158596396446228,-0.019716927781701088,0.36314964294433594,0.1785033643245697,-0.016746241599321365,0.6195850372314453,0.22599723935127258,-0.037786372005939484,0.48413288593292236,0.05878300964832306,-0.045765504240989685,0.40481892228126526,0.11770933866500854,-0.03839278593659401,0.37832704186439514,0.1909230649471283,-0.0336298868060112,0.6041897535324097,0.2797209322452545,-0.0741824135184288,0.5085382461547852,0.16330456733703613,-0.08003579825162888,0.4469934105873108,0.1765708327293396,-0.07590962201356888,0.41682589054107666,0.21474158763885498,-0.07317174226045609
love,0.7416751384735107,0.5743781328201294,-1.075047293852549e-06,0.5772423148155212,0.5360912680625916,0.08341003209352493,0.48550960421562195,0.45574355125427246,0.1068168506026268,0.4086208641529083,0.4447897672653198,0.1045214831829071,0.3480691909790039,0.4577997326850891,0.10114230215549469,0.5715270042419434,0.21545571088790894,0.09117992967367172,0.4707183241844177,0.04860261082649231,0.07702939212322235,0.39519160985946655,0.10559907555580139,0.06864272058010101,0.37154650688171387,0.1871715933084488,0.06823421269655228,0.6031710505485535,0.19660153985023499,0.029824193567037582,0.46752166748046875,0.01766371726989746,0.014672916382551193,0.383007287979126,0.09180806577205658,0.013120880350470543,0.3687734603881836,0.18462160229682922,0.01710468716919422,0.6109174489974976,0.21459746360778809,-0.03217446804046631,0.47195667028427124,0.036209702491760254,-0.041263140738010406,0.3918050527572632,0.10858678817749023,-0.033137235790491104,0.3715513050556183,0.1931605041027069,-0.026014506816864014,0.5876187682151794,0.25934863090515137,-0.08888355642557144,0.4766494035720825,0.12644684314727783,-0.09494343400001526,0.41306647658348083,0.15329158306121826,-0.08735168725252151,0.3893808126449585,0.2133936583995819,-0.08134900778532028
love,0.7477571964263916,0.5765782594680786,-1.0418571037007496e-06,0.5779705047607422,0.5339169502258301,0.0758284330368042,0.4892457127571106,0.45551180839538574,0.09591019153594971,0.4126177430152893,0.44296401739120483,0.09222061932086945,0.35064250230789185,0.45883941650390625,0.08750618249177933,0.5709352493286133,0.2181778848171234,0.08248214423656464,0.4686366021633148,0.04898093640804291,0.06743698567152023,0.3938347101211548,0.11006949841976166,0.05857350304722786,0.37153708934783936,0.19088786840438843,0.05756473168730736,0.6054095029830933,0.19856467843055725,0.0260557159781456,0.469448447227478,0.016030192375183105,0.009160116314888,0.38382789492607117,0.0915796160697937,0.0066574751399457455,0.36795079708099365,0.18028759956359863,0.01015381794422865,0.6168663501739502,0.21948474645614624,-0.030912721529603004,0.47614461183547974,0.04141080379486084,-0.04125082865357399,0.39470404386520386,0.11444251239299774,-0.03309645876288414,0.3730280101299286,0.1956692934036255,-0.025751370936632156,0.5974785089492798,0.26861581206321716,-0.08297773450613022,0.48701852560043335,0.1387327015399933,-0.09049748629331589,0.42239469289779663,0.16280469298362732,-0.08357363939285278,0.3979910612106323,0.21541032195091248,-0.07781531661748886
love,0.7479703426361084,0.5731167793273926,-9.746111118147383e-07,0.5856418013572693,0.5401521921157837,0.05387242138385773,0.49359703063964844,0.46040260791778564,0.06678555905818939,0.4166024327278137,0.4421475827693939,0.06253369152545929,0.35652440786361694,0.46637940406799316,0.05889319255948067,0.5782811045646667,0.2143748700618744,0.05047691613435745,0.4767415523529053,0.04699617624282837,0.03249146416783333,0.40079736709594727,0.10690468549728394,0.02299967221915722,0.3766355812549591,0.18806302547454834,0.022294702008366585,0.6097288131713867,0.19534052908420563,0.009702892042696476,0.47773951292037964,0.01421770453453064,-0.010206989012658596,0.3911842107772827,0.08903907239437103,-0.012226208113133907,0.3725779950618744,0.17879629135131836,-0.00772362994030118,0.6185126304626465,0.21682529151439667,-0.031181562691926956,0.4855993390083313,0.040870875120162964,-0.043278153985738754,0.40366998314857483,0.10761767625808716,-0.03765681013464928,0.38100454211235046,0.18812154233455658,-0.031009940430521965,0.5967736840248108,0.2638327181339264,-0.06821035593748093,0.4929742217063904,0.1324504017829895,-0.07435048371553421,0.4283759593963623,0.1558157503604889,-0.06797142326831818,0.40286070108413696,0.2106822282075882,-0.062120337039232254
love,0.7493849992752075,0.5774978399276733,-9.072090279005351e-07,0.5881683230400085,0.5386686325073242,0.04500245675444603,0.4940951466560364,0.4587741792201996,0.05210083723068237,0.41592687368392944,0.44306764006614685,0.04408315569162369,0.356697142124176,0.4679120182991028,0.03729979693889618,0.5788750052452087,0.21658995747566223,0.03493582457304001,0.4762195944786072,0.04828588664531708,0.011394061148166656,0.39862439036369324,0.1098516583442688,-0.0003633072192315012,0.3743554353713989,0.19341975450515747,-0.0014706116635352373,0.6121572852134705,0.1994124948978424,-0.001996885286644101,0.482734739780426,0.013836979866027832,-0.027359388768672943,0.3935089707374573,0.08868782222270966,-0.030303414911031723,0.37286800146102905,0.1793673187494278,-0.02494741789996624,0.6229203343391418,0.22242550551891327,-0.03909354656934738,0.49181413650512695,0.045927271246910095,-0.05481482297182083,0.40877610445022583,0.11284644901752472,-0.04955868422985077,0.3856860399246216,0.19391149282455444,-0.04179507866501808,0.6030407547950745,0.27201128005981445,-0.07282140851020813,0.5005906224250793,0.14267723262310028,-0.08067861944437027,0.43536216020584106,0.16577565670013428,-0.07411164790391922,0.4104069769382477,0.21917152404785156,-0.0670955702662468
love,0.751434326171875,0.5802580714225769,-9.91122078630724e-07,0.5888562202453613,0.5408504605293274,0.060721877962350845,0.4950583875179291,0.4592558741569519,0.0736759603023529,0.41611629724502563,0.4442899823188782,0.06711731851100922,0.35632622241973877,0.46977049112319946,0.06053023785352707,0.5820167064666748,0.21845337748527527,0.0547131672501564,0.4780816435813904,0.051790595054626465,0.03406893089413643,0.39976972341537476,0.11344188451766968,0.023508302867412567,0.3764573931694031,0.19761011004447937,0.02248171530663967,0.6139875650405884,0.20238494873046875,0.00715144956484437,0.481134295463562,0.014995425939559937,-0.015914704650640488,0.39070019125938416,0.09085364639759064,-0.01847630739212036,0.3716358542442322,0.1845109462738037,-0.013334685005247593,0.6227144598960876,0.22516265511512756,-0.040474988520145416,0.4887206554412842,0.044627487659454346,-0.055217940360307693,0.4030812382698059,0.11400215327739716,-0.049513693898916245,0.37963128089904785,0.19713358581066132,-0.04195909574627876,0.5999705791473389,0.27391648292541504,-0.0838056206703186,0.4933742582798004,0.1417723447084427,-0.09156157821416855,0.4262729287147522,0.16602210700511932,-0.08493921160697937,0.40048807859420776,0.221134215593338,-0.07850492000579834
love,0.7509556412696838,0.5799492597579956,-1.0053662435893784e-06,0.5861483812332153,0.5409435033798218,0.06826038658618927,0.4949623942375183,0.4594043493270874,0.08345569670200348,0.4165513217449188,0.4431203305721283,0.07640659064054489,0.3560819923877716,0.47095486521720886,0.06868775933980942,0.5830820798873901,0.21835118532180786,0.06821493804454803,0.4801903963088989,0.05264335870742798,0.04978815093636513,0.4023847281932831,0.114357590675354,0.03930535167455673,0.37964996695518494,0.1984206587076187,0.03755247965455055,0.6139485239982605,0.20109698176383972,0.015309950336813927,0.48147082328796387,0.015858381986618042,-0.005427354481071234,0.39103832840919495,0.09107111394405365,-0.00844873022288084,0.37289106845855713,0.18462857604026794,-0.004564064089208841,0.6212891936302185,0.22291050851345062,-0.03790402412414551,0.48780909180641174,0.04069903492927551,-0.05166896432638168,0.4005665183067322,0.10988786816596985,-0.04599902406334877,0.37647557258605957,0.19389280676841736,-0.03903425857424736,0.5961109399795532,0.2714286744594574,-0.0865468755364418,0.489027202129364,0.13766439259052277,-0.09244751930236816,0.4215078055858612,0.16465967893600464,-0.08444879204034805,0.39556947350502014,0.22304171323776245,-0.07782819122076035
stop,0.03556298092007637,0.9141963720321655,2.896011039865698e-07,0.09807270765304565,0.8933672308921814,-0.019525637850165367,0.13165226578712463,0.8058760762214661,-0.01662593148648739,0.14086101949214935,0.7304885983467102,-0.012234016321599483,0.1575045883655548,0.6802704334259033,-0.007016567047685385,0.09578999131917953,0.7063204050064087,0.005462775006890297,0.10257404297590256,0.626298189163208,-0.0005713552236557007,0.10236094146966934,0.5739197731018066,-0.008313643746078014,0.10015507787466049,0.5319459438323975,-0.014463536441326141,0.058928173035383224,0.6968592405319214,0.008250058628618717,0.06313177943229675,0.6116839647293091,0.00431462237611413,0.0648891031742096,0.5556201338768005,-0.0038769294042140245,0.0656234547495842,0.5105917453765869,-0.0099724642932415,0.024107493460178375,0.7044482827186584,0.006696389522403479,0.022723950445652008,0.6266027092933655,-0.00102266576141119,0.025471415370702744,0.578581690788269,-0.010145826265215874,0.027915462851524353,0.5380061864852905,-0.016214216127991676,-0.010202854871749878,0.7250972986221313,0.002642247825860977,-0.01295364648103714,0.6666164398193359,-0.006532109342515469,-0.011910788714885712,0.628732442855835,-0.012737580575048923,-0.009076207876205444,0.594417154788971,-0.016502058133482933
stop,0.0898745059967041,0.7056930065155029,3.646025845682743e-07,0.16300955414772034,0.6628040075302124,-0.020215630531311035,0.2125389277935028,0.5803084373474121,-0.01482292078435421,0.23768796026706696,0.49783042073249817,-0.0094949621707201,0.2526158392429352,0.43620744347572327,-0.001401167712174356,0.17963817715644836,0.44549497961997986,0.040357232093811035,0.20234797894954681,0.36031633615493774,0.04709753394126892,0.20459382236003876,0.31993937492370605,0.04210492968559265,0.2014029622077942,0.28265488147735596,0.03745186701416969,0.13900674879550934,0.4330817759037018,0.0452139787375927,0.16204217076301575,0.3413800895214081,0.05767536163330078,0.16766732931137085,0.2972527742385864,0.05324283987283707,0.17001426219940186,0.2640077471733093,0.0487545020878315,0.09676973521709442,0.4357943832874298,0.04342394322156906,0.1150972843170166,0.35090649127960205,0.05372269079089165,0.125136137008667,0.3122557997703552,0.05294967070221901,0.13461467623710632,0.28181493282318115,0.05033326521515846,0.045935921370983124,0.4523017406463623,0.037360917776823044,0.050978317856788635,0.38598790764808655,0.0471004843711853,0.05510737746953964,0.3507689833641052,0.053743042051792145,0.06268180906772614,0.32089734077453613,0.05756109207868576
stop,0.06388711929321289,0.6865926384925842,6.367561127262888e-07,0.1464032381772995,0.6616811752319336,-0.030334889888763428,0.2047414481639862,0.5773123502731323,-0.031931161880493164,0.23257407546043396,0.484316349029541,-0.030189581215381622,0.26270386576652527,0.4152393341064453,-0.0255275908857584,0.18080748617649078,0.43313300609588623,0.02084919437766075,0.20941948890686035,0.338813841342926,0.023985624313354492,0.21522024273872375,0.28766191005706787,0.01918001100420952,0.21271838247776031,0.24785968661308289,0.015447631478309631,0.13627319037914276,0.41467368602752686,0.02967938221991062,0.16389460861682892,0.31604695320129395,0.04027961194515228,0.174087792634964,0.2600780427455902,0.037795331329107285,0.17827792465686798,0.2221219539642334,0.03522529453039169,0.08880990743637085,0.41628631949424744,0.031658969819545746,0.11000733077526093,0.3247162401676178,0.03774470463395119,0.12470643222332001,0.27891305088996887,0.036586470901966095,0.1373605579137802,0.24221186339855194,0.034540075808763504,0.034543655812740326,0.4333912134170532,0.0292343907058239,0.04174785315990448,0.3622019588947296,0.03205083683133125,0.0495859757065773,0.3217293322086334,0.035050537437200546,0.06050996482372284,0.28432968258857727,0.037649113684892654
stop,0.050803445279598236,0.7265342473983765,6.361831310641719e-07,0.13199922442436218,0.713158130645752,-0.04590974748134613,0.1947464942932129,0.6270390748977661,-0.06015860289335251,0.22638249397277832,0.5245500206947327,-0.06830975413322449,0.26293307542800903,0.4488430619239807,-0.07414998859167099,0.17358945310115814,0.465962290763855,-0.02574804052710533,0.2058834582567215,0.3514710068702698,-0.04564983770251274,0.21789774298667908,0.27880626916885376,-0.0613405667245388,0.22430390119552612,0.221174418926239,-0.07179475575685501,0.1233266219496727,0.44225752353668213,-0.017442872747778893,0.15663492679595947,0.3218529224395752,-0.03231467306613922,0.17537066340446472,0.2465459406375885,-0.04602639377117157,0.19143769145011902,0.18848052620887756,-0.0552900992333889,0.07094905525445938,0.44375473260879517,-0.015447068028151989,0.09888066351413727,0.3327895402908325,-0.033971305936574936,0.1232556477189064,0.26821231842041016,-0.04621521010994911,0.1480003446340561,0.21926647424697876,-0.053637292236089706,0.0133071169257164,0.46396544575691223,-0.017705200240015984,0.024228110909461975,0.3773762583732605,-0.03760836273431778,0.03712773323059082,0.3241446018218994,-0.045890841633081436,0.054586149752140045,0.2775655686855316,-0.049488697201013565
stop,0.05180071294307709,0.7702726125717163,6.018642011440534e-07,0.13833728432655334,0.7458566427230835,-0.03723789006471634,0.19678542017936707,0.6448279619216919,-0.042843542993068695,0.230528324842453,0.5426362156867981,-0.04456084594130516,0.26546210050582886,0.4682468771934509,-0.04362235590815544,0.1780240535736084,0.48295101523399353,-0.003214434953406453,0.2124365270137787,0.36326587200164795,-0.014769642613828182,0.22425240278244019,0.2894653081893921,-0.02738966792821884,0.22877556085586548,0.22843778133392334,-0.03627690300345421,0.12867194414138794,0.4604964852333069,0.0028983703814446926,0.16423779726028442,0.3344608545303345,-0.002390042645856738,0.18215325474739075,0.25826579332351685,-0.012477193959057331,0.19426295161247253,0.20154350996017456,-0.019548390060663223,0.0759768933057785,0.46268022060394287,0.002297057304531336,0.10502725839614868,0.3497181832790375,-0.0071550402790308,0.12934118509292603,0.2849169373512268,-0.015909317880868912,0.15115948021411896,0.23406991362571716,-0.021751245483756065,0.017523422837257385,0.48251107335090637,-0.00275638559833169,0.030242130160331726,0.3916088044643402,-0.014140129089355469,0.04485755413770676,0.33643388748168945,-0.018031371757388115,0.06365220248699188,0.2862835228443146,-0.01942923292517662
stop,0.05671335756778717,0.7912125587463379,5.56930956463475e-07,0.14445923268795013,0.7600414752960205,-0.03263115882873535,0.20356152951717377,0.6581114530563354,-0.036949314177036285,0.23771235346794128,0.5540569424629211,-0.03882018104195595,0.273438423871994,0.478074848651886,-0.03787161037325859,0.1799829602241516,0.49058783054351807,0.004904283210635185,0.21524041891098022,0.3676542639732361,-0.006305871531367302,0.22580596804618835,0.2983938157558441,-0.01911253109574318,0.22952333092689514,0.2426590621471405,-0.027917515486478806,0.1304679811000824,0.4697270691394806,0.008880261331796646,0.16665060818195343,0.3414638042449951,0.0032079587690532207,0.18437157571315765,0.2672654390335083,-0.007289149798452854,0.19572056829929352,0.21413090825080872,-0.014533665962517262,0.07877670228481293,0.47409507632255554,0.005986809730529785,0.107030488550663,0.35946589708328247,-0.003249384695664048,0.1316906213760376,0.2943921685218811,-0.01156026590615511,0.15320543944835663,0.24455657601356506,-0.0170980766415596,0.022459223866462708,0.49694395065307617,-0.001091546262614429,0.034508116543293,0.4056469798088074,-0.011485970579087734,0.048684343695640564,0.34884512424468994,-0.014782515354454517,0.06604691594839096,0.2983459234237671,-0.015770960599184036
stop,0.05302567780017853,0.801395833492279,5.527404027816374e-07,0.14386753737926483,0.764702558517456,-0.031345631927251816,0.2061293125152588,0.6624435782432556,-0.035597022622823715,0.2426772266626358,0.5579655766487122,-0.038171783089637756,0.27807551622390747,0.47877582907676697,-0.03811301663517952,0.1846723109483719,0.4962007999420166,0.008109149523079395,0.21914318203926086,0.3735732436180115,-0.0037155530881136656,0.2291487455368042,0.30436959862709045,-0.017250148579478264,0.2327364981174469,0.2480618953704834,-0.02665317989885807,0.13507604598999023,0.4758782386779785,0.01068112812936306,0.16914914548397064,0.3482102155685425,0.004131014924496412,0.18568231165409088,0.2730097472667694,-0.0071808877401053905,0.19642338156700134,0.21811780333518982,-0.015071828849613667,0.08215688914060593,0.4807100296020508,0.006178402341902256,0.10855644941329956,0.36672908067703247,-0.0037677534855902195,0.13133177161216736,0.30114173889160156,-0.01137510035187006,0.1518312245607376,0.2497386336326599,-0.01647937297821045,0.02349444478750229,0.5041605234146118,-0.002600168576464057,0.03501681983470917,0.4144030213356018,-0.013479077257215977,0.049994610249996185,0.3570740818977356,-0.01639075018465519,0.06844595074653625,0.30484098196029663,-0.017100820317864418
stop,0.05677410215139389,0.8073538541793823,6.176636020427395e-07,0.14964424073696136,0.7618581056594849,-0.033343713730573654,0.21171942353248596,0.6584757566452026,-0.03649468719959259,0.2453346997499466,0.5532571077346802,-0.037708017975091934,0.28028303384780884,0.47392502427101135,-0.03564368560910225,0.1865456998348236,0.49533718824386597,0.016089413315057755,0.21954116225242615,0.3711283802986145,0.007982105948030949,0.23028874397277832,0.3011270761489868,-0.004446207080036402,0.23440256714820862,0.24489948153495789,-0.012868575751781464,0.13491228222846985,0.47564616799354553,0.021280311048030853,0.16788603365421295,0.34770524501800537,0.019801318645477295,0.18336988985538483,0.27095556259155273,0.009833470918238163,0.1925525665283203,0.21682524681091309,0.0028565814718604088,0.08162888884544373,0.4804041385650635,0.018665989860892296,0.10850341618061066,0.36781054735183716,0.013943765312433243,0.13104557991027832,0.3005797863006592,0.007510003168135881,0.15098828077316284,0.24943214654922485,0.0030109684448689222,0.023414775729179382,0.5028880834579468,0.011233903467655182,0.035393163561820984,0.41479912400245667,0.004985777661204338,0.04996497184038162,0.35760611295700073,0.004031190648674965,0.06775259971618652,0.30633875727653503,0.004719039425253868
stop,0.05302533507347107,0.8108550310134888,6.69528674279718e-07,0.14705443382263184,0.7656065821647644,-0.03723911568522453,0.21071556210517883,0.6602059006690979,-0.04105890542268753,0.24560511112213135,0.5512809157371521,-0.042128559201955795,0.2828756272792816,0.4685131311416626,-0.03956712782382965,0.18632271885871887,0.49329203367233276,0.01816442608833313,0.21763375401496887,0.36745867133140564,0.013091720640659332,0.22682899236679077,0.29624736309051514,0.0017906163120642304,0.22953347861766815,0.23761218786239624,-0.006379761733114719,0.13419421017169952,0.4736631214618683,0.025757864117622375,0.16662684082984924,0.34549394249916077,0.028264431282877922,0.18216294050216675,0.26737454533576965,0.019572488963603973,0.19156014919281006,0.21264246106147766,0.012817715294659138,0.0800437331199646,0.4788168966770172,0.024918733164668083,0.10712428390979767,0.36591780185699463,0.02345365472137928,0.12968756258487701,0.2993474304676056,0.01780429296195507,0.14953330159187317,0.24762725830078125,0.013237710110843182,0.02119922637939453,0.5007704496383667,0.01866430975496769,0.034512683749198914,0.41170525550842285,0.014497275464236736,0.04884819686412811,0.35446932911872864,0.013954498805105686,0.06620550155639648,0.30187565088272095,0.014544768258929253
stop,0.052751198410987854,0.808341383934021,5.983756636851467e-07,0.14691421389579773,0.7654083371162415,-0.035990387201309204,0.21201477944850922,0.6597990393638611,-0.04052560403943062,0.2458193600177765,0.5494579672813416,-0.04241783171892166,0.2820897698402405,0.4672102928161621,-0.04111553728580475,0.18682478368282318,0.4927345812320709,0.010496580973267555,0.21828752756118774,0.36548054218292236,0.0015310138696804643,0.22793149948120117,0.2940216064453125,-0.010962789878249168,0.23075032234191895,0.23638573288917542,-0.019596220925450325,0.13485105335712433,0.47407838702201843,0.016547957435250282,0.16794969141483307,0.34385257959365845,0.0145115926861763,0.18351781368255615,0.266473650932312,0.004930491093546152,0.19233067333698273,0.21227037906646729,-0.0020988639444112778,0.08161993324756622,0.47975441813468933,0.014752477407455444,0.10868033766746521,0.36417141556739807,0.009401046670973301,0.1312745213508606,0.29621627926826477,0.0031513450667262077,0.15068311989307404,0.2438868284225464,-0.0015021838480606675,0.02353280782699585,0.5029569864273071,0.007921683602035046,0.035904936492443085,0.41194337606430054,0.00040575367165729403,0.050478361546993256,0.3527176082134247,-0.0014188943896442652,0.06760744750499725,0.29892677068710327,-0.0014662629691883922
stop,0.05953556299209595,0.8043346405029297,5.840042831550818e-07,0.15126895904541016,0.7623057961463928,-0.0355118028819561,0.2133631408214569,0.6596595644950867,-0.04116560146212578,0.24715837836265564,0.5517226457595825,-0.04435495659708977,0.28280210494995117,0.470083087682724,-0.04427112266421318,0.19085432589054108,0.49064287543296814,0.008407184854149818,0.22136448323726654,0.3611399531364441,-0.0017924661515280604,0.23024362325668335,0.2902975082397461,-0.014514412730932236,0.23279117047786713,0.23521363735198975,-0.02284334972500801,0.1385449767112732,0.47290700674057007,0.014164756052196026,0.17027613520622253,0.34114450216293335,0.01114780455827713,0.18494968116283417,0.2648521065711975,0.0018560790922492743,0.19356055557727814,0.21279630064964294,-0.0046844882890582085,0.08556076884269714,0.47946298122406006,0.012252872809767723,0.11118781566619873,0.36289891600608826,0.006477265153080225,0.13284294307231903,0.294460266828537,0.0007208079332485795,0.15174755454063416,0.243647962808609,-0.0033923168666660786,0.028685137629508972,0.5035947561264038,0.005355838220566511,0.0388873815536499,0.4118420481681824,-0.002349293790757656,0.05248604714870453,0.35212475061416626,-0.003949752077460289,0.06912776827812195,0.2988659739494324,-0.0036281393840909004
stop,0.0596051961183548,0.7915276885032654,5.998946335239452e-07,0.14806455373764038,0.7477107644081116,-0.03444276377558708,0.20724937319755554,0.6468099355697632,-0.043016497045755386,0.24313831329345703,0.5387238264083862,-0.04966398701071739,0.2825745940208435,0.45890605449676514,-0.05297328904271126,0.1873854696750641,0.47402021288871765,0.009385746903717518,0.21348556876182556,0.3453885018825531,-0.00010502435179660097,0.2186315953731537,0.2763177752494812,-0.012900097295641899,0.21800421178340912,0.22244855761528015,-0.021047918125987053,0.13593551516532898,0.457856684923172,0.015011691488325596,0.16527114808559418,0.3299320638179779,0.015514155849814415,0.17730283737182617,0.2560785114765167,0.00883956253528595,0.1848854422569275,0.20302611589431763,0.0035947817377746105,0.08319658041000366,0.46461787819862366,0.013123408891260624,0.10786652565002441,0.3511367440223694,0.013011359609663486,0.12717923521995544,0.2844558358192444,0.012264302931725979,0.1442861109972,0.23421061038970947,0.010427359491586685,0.026142165064811707,0.48917075991630554,0.005880929995328188,0.037171848118305206,0.40063902735710144,0.004988996312022209,0.05009441077709198,0.3437516689300537,0.008633822202682495,0.0645112693309784,0.29380396008491516,0.011968893930315971
stop,0.06209824979305267,0.785468339920044,5.68938617107051e-07,0.14697781205177307,0.7396208047866821,-0.03239041939377785,0.2022833526134491,0.6392583847045898,-0.04098476469516754,0.23950043320655823,0.5349069237709045,-0.048294831067323685,0.27804285287857056,0.4557303488254547,-0.05259060859680176,0.18247705698013306,0.4661855101585388,0.010558050125837326,0.20599856972694397,0.3402227759361267,0.0009742860565893352,0.2105276882648468,0.2713821530342102,-0.012178434059023857,0.2117619812488556,0.21653273701667786,-0.021337023004889488,0.13187198340892792,0.45052286982536316,0.014696294441819191,0.15791141986846924,0.32470154762268066,0.014329885132610798,0.17024505138397217,0.2526836097240448,0.006302013993263245,0.1810230314731598,0.20007097721099854,-0.000719670788384974,0.08018876612186432,0.45804402232170105,0.011496370658278465,0.10243154317140579,0.3468504250049591,0.01024017296731472,0.12102927267551422,0.2798498868942261,0.007057890761643648,0.13966305553913116,0.22855383157730103,0.0027090911753475666,0.024703286588191986,0.48317304253578186,0.0032012024894356728,0.031728312373161316,0.3975602984428406,0.0007348948856815696,0.04305434972047806,0.3408864736557007,0.0018469401402398944,0.05744219571352005,0.29034316539764404,0.002619631588459015
stop,0.05701979994773865,0.7811406254768372,5.530234830075642e-07,0.1436077058315277,0.7389119267463684,-0.03199317306280136,0.19878864288330078,0.6351139545440674,-0.03909707069396973,0.23344022035598755,0.5284317135810852,-0.04478900134563446,0.2729543447494507,0.45013511180877686,-0.04785076156258583,0.17617148160934448,0.4641612470149994,0.009392593055963516,0.19880731403827667,0.3389403820037842,-0.0010710363276302814,0.20293106138706207,0.2697989046573639,-0.01439417339861393,0.20440760254859924,0.2134104073047638,-0.024131210520863533,0.12557238340377808,0.44831159710884094,0.012814727611839771,0.15136493742465973,0.32205915451049805,0.009622479788959026,0.16461195051670074,0.24926209449768066,-1.0545023542363197e-05,0.17720864713191986,0.19484683871269226,-0.008096002973616123,0.07357863336801529,0.4562087953090668,0.008916735649108887,0.09533855319023132,0.3437425196170807,0.0036924625746905804,0.11493056267499924,0.275393545627594,-0.0023534903302788734,0.13611936569213867,0.2220330834388733,-0.008238919079303741,0.01726885885000229,0.4814770519733429,0.00022590132721234113,0.024079464375972748,0.39450013637542725,-0.005852078087627888,0.035708241164684296,0.3376576900482178,-0.007449324708431959,0.05170875042676926,0.2861902117729187,-0.008631342090666294
stop,0.05325073003768921,0.7813704013824463,5.611247502201877e-07,0.14127235114574432,0.7393125295639038,-0.03393426537513733,0.1971745789051056,0.6331286430358887,-0.04052892327308655,0.22871151566505432,0.5225319266319275,-0.045113250613212585,0.26729515194892883,0.4426206350326538,-0.04678322374820709,0.1725062131881714,0.4653247594833374,0.00853366032242775,0.1955987811088562,0.33893975615501404,-0.002082276390865445,0.19954317808151245,0.268147349357605,-0.015325027517974377,0.20025992393493652,0.21120411157608032,-0.02493096888065338,0.12138722836971283,0.4481543004512787,0.012997427023947239,0.14664137363433838,0.31924790143966675,0.009229051880538464,0.1599736362695694,0.24434897303581238,-0.0008432302856817842,0.17236793041229248,0.1889621913433075,-0.008948732167482376,0.0695449709892273,0.45546820759773254,0.009934715926647186,0.08991782367229462,0.3406994938850403,0.0033297520130872726,0.10947930067777634,0.2717985510826111,-0.0038589679170399904,0.1304928958415985,0.2185957133769989,-0.01000212598592043,0.01401527225971222,0.47998228669166565,0.0020384767558425665,0.020194709300994873,0.39045679569244385,-0.005664884578436613,0.03163214027881622,0.33392810821533203,-0.008342500776052475,0.0478619709610939,0.28345632553100586,-0.009909959509968758
stop,0.052263304591178894,0.783672571182251,5.923193384660408e-07,0.14158965647220612,0.7393848896026611,-0.035803187638521194,0.19655610620975494,0.6338378190994263,-0.04189205914735794,0.22569434344768524,0.522142231464386,-0.04563123732805252,0.2617192268371582,0.44097426533699036,-0.046226616948843,0.16896095871925354,0.46616920828819275,0.01007868442684412,0.19291061162948608,0.3383280634880066,0.0005837709759362042,0.19728602468967438,0.2665482461452484,-0.012256869114935398,0.19777199625968933,0.2077133059501648,-0.021689746528863907,0.11748431622982025,0.4489319324493408,0.015677422285079956,0.1433466672897339,0.31867682933807373,0.012368988245725632,0.15656644105911255,0.24162191152572632,0.0020438001956790686,0.16767656803131104,0.1852675974369049,-0.006002096924930811,0.0658859983086586,0.4567224383354187,0.013384165242314339,0.08556174486875534,0.3414630591869354,0.006609085015952587,0.10532544553279877,0.27153968811035156,-0.0015040754806250334,0.12553779780864716,0.21756410598754883,-0.007820618338882923,0.010442756116390228,0.4811042845249176,0.006114074029028416,0.016632981598377228,0.38968217372894287,-0.002261232817545533,0.027667969465255737,0.33136850595474243,-0.0057859160006046295,0.043799757957458496,0.27936646342277527,-0.0076604727655649185
stop,0.05051761865615845,0.7901519536972046,6.158779228826461e-07,0.14036951959133148,0.7436898946762085,-0.035070642828941345,0.19568681716918945,0.6355873346328735,-0.04085613787174225,0.22402901947498322,0.5219995975494385,-0.04449542239308357,0.2617969512939453,0.4396975636482239,-0.045018360018730164,0.16593170166015625,0.4663971960544586,0.012995800003409386,0.18996213376522064,0.3385319709777832,0.003927688580006361,0.19528156518936157,0.26632973551750183,-0.008990180678665638,0.1974601447582245,0.2057245969772339,-0.0189236868172884,0.1137787476181984,0.44879910349845886,0.01788269728422165,0.13886360824108124,0.3180525600910187,0.013600190170109272,0.15326741337776184,0.24006691575050354,0.002315560122951865,0.16645044088363647,0.18324065208435059,-0.006344180554151535,0.061333511024713516,0.45718926191329956,0.014780227094888687,0.08038971573114395,0.34108757972717285,0.006842116359621286,0.10138517618179321,0.27124446630477905,-0.0022101623471826315,0.1235281452536583,0.21667003631591797,-0.009082772769033909,0.005589060485363007,0.4830331802368164,0.006805859971791506,0.012731596827507019,0.39178726077079773,-0.002549621742218733,0.02512335032224655,0.33335697650909424,-0.0069161332212388515,0.04329976439476013,0.28081125020980835,-0.009410792030394077
stop,0.04955334961414337,0.7929920554161072,6.013377742419834e-07,0.13954293727874756,0.7449808120727539,-0.03414855897426605,0.19551053643226624,0.6369487047195435,-0.03985060378909111,0.22356685996055603,0.5231212973594666,-0.04366988688707352,0.26188692450523376,0.4403032958507538,-0.04436250403523445,0.1651090830564499,0.4664868116378784,0.014377343468368053,0.18941137194633484,0.33875948190689087,0.0051587107591331005,0.19460439682006836,0.2674154043197632,-0.00770174153149128,0.19630883634090424,0.20717808604240417,-0.01756887324154377,0.11392826586961746,0.44911009073257446,0.018498582765460014,0.13935038447380066,0.3176324963569641,0.013465301133692265,0.15270613133907318,0.23916581273078918,0.001976526342332363,0.16381394863128662,0.1812322437763214,-0.006612411234527826,0.06193535774946213,0.458118200302124,0.01461868267506361,0.08025703579187393,0.34095650911331177,0.005752120167016983,0.10063068568706512,0.2708515524864197,-0.003513843286782503,0.1215868815779686,0.21629074215888977,-0.010219976305961609,0.0059798285365104675,0.484508216381073,0.006006248295307159,0.011381641030311584,0.3925193250179291,-0.004061544314026833,0.02414044737815857,0.33350515365600586,-0.008657267317175865,0.04276134818792343,0.28095364570617676,-0.011119923554360867
stop,0.04602980986237526,0.7917957305908203,5.83145777000027e-07,0.1379930078983307,0.7460403442382812,-0.03404584154486656,0.19399064779281616,0.6366711854934692,-0.03958515450358391,0.22154821455478668,0.5204259753227234,-0.042935945093631744,0.2593234181404114,0.43734031915664673,-0.0430198572576046,0.16355106234550476,0.46453967690467834,0.01224943995475769,0.18674328923225403,0.33511731028556824,0.003574222093448043,0.19127865135669708,0.26344358921051025,-0.008484967052936554,0.1925642490386963,0.20477360486984253,-0.017518673092126846,0.11100238561630249,0.4464430809020996,0.01730208657681942,0.13460895419120789,0.31304699182510376,0.013828522525727749,0.14800116419792175,0.23457840085029602,0.004172624554485083,0.15953300893306732,0.17766180634498596,-0.003192893462255597,0.05874641239643097,0.4550125002861023,0.014570852741599083,0.07572835683822632,0.3367305397987366,0.007615026086568832,0.09564556926488876,0.2660648822784424,-0.00018154186545871198,0.11589057743549347,0.21145647764205933,-0.006113666575402021,0.0039000362157821655,0.48120930790901184,0.007082754280418158,0.008935816586017609,0.38832157850265503,-0.0013298704288899899,0.02069433033466339,0.3282959461212158,-0.005097742658108473,0.03772120922803879,0.27453404664993286,-0.007034416776150465
stop,0.04319952800869942,0.7897439002990723,5.837598564539803e-07,0.13629865646362305,0.7435396313667297,-0.03012414090335369,0.19042038917541504,0.6326426267623901,-0.03392086923122406,0.2175542712211609,0.5150626301765442,-0.03631054610013962,0.2557862401008606,0.4322285056114197,-0.03586211055517197,0.1589340716600418,0.46012255549430847,0.017478452995419502,0.18322953581809998,0.3311217427253723,0.009971222840249538,0.1881551444530487,0.25862419605255127,-0.0025452696718275547,0.18937277793884277,0.19888699054718018,-0.012413643300533295,0.10674531757831573,0.4408455193042755,0.020602939650416374,0.1310504823923111,0.3065257668495178,0.018171917647123337,0.14444920420646667,0.22713515162467957,0.007098141126334667,0.15626785159111023,0.16782766580581665,-0.001984537346288562,0.05474989488720894,0.4481780529022217,0.016242757439613342,0.07215196639299393,0.3281843066215515,0.01032507885247469,0.09232427924871445,0.25611579418182373,0.000985375721938908,0.11317183077335358,0.19967219233512878,-0.0068131303414702415,0.00045201927423477173,0.47461849451065063,0.007466927170753479,0.00604470819234848,0.3809244632720947,1.644997792027425e-05,0.016364119946956635,0.32038354873657227,-0.004122043494135141,0.03159321844577789,0.26523521542549133,-0.007008412852883339
stop,0.035177528858184814,0.7817093133926392,6.038930564500333e-07,0.12977120280265808,0.73570716381073,-0.0326814241707325,0.18584945797920227,0.6132801175117493,-0.03527534008026123,0.20889219641685486,0.49062708020210266,-0.03563627973198891,0.24905478954315186,0.4094081521034241,-0.03361538425087929,0.14816267788410187,0.44402408599853516,0.01082529965788126,0.17201875150203705,0.31463366746902466,0.0018918461864814162,0.17572084069252014,0.23322263360023499,-0.009913084097206593,0.17488417029380798,0.16779053211212158,-0.019539235159754753,0.09385784715414047,0.42509183287620544,0.013527481816709042,0.11844127625226974,0.28752008080482483,0.008179835043847561,0.13091887533664703,0.20252439379692078,-0.003488639136776328,0.14302796125411987,0.13687530159950256,-0.01264549046754837,0.040065523236989975,0.4340009093284607,0.008628555573523045,0.05497786030173302,0.30552804470062256,-0.0037816790863871574,0.07406210154294968,0.2265918254852295,-0.017049795016646385,0.09475980699062347,0.1651020646095276,-0.026433195918798447,-0.017092496156692505,0.46260273456573486,-0.00041754322592169046,-0.01599336415529251,0.35955411195755005,-0.01638348400592804,-0.010956212878227234,0.29296958446502686,-0.025826849043369293,-0.00019138306379318237,0.23323115706443787,-0.03155994042754173
stop,0.041636645793914795,0.7860732078552246,6.378261332429247e-07,0.13686290383338928,0.7317065596580505,-0.028574993833899498,0.18658600747585297,0.6144479513168335,-0.02943195402622223,0.20974509418010712,0.4905399680137634,-0.02976304106414318,0.24867013096809387,0.4054204225540161,-0.027166400104761124,0.14706629514694214,0.4442787766456604,0.031923808157444,0.17215433716773987,0.31517666578292847,0.02895180881023407,0.17745447158813477,0.2381906658411026,0.018389560282230377,0.178701251745224,0.1736597716808319,0.008984553627669811,0.09542109072208405,0.42520323395729065,0.033877067267894745,0.11913426220417023,0.2858073115348816,0.03408857807517052,0.1318928599357605,0.20023846626281738,0.023342352360486984,0.14272432029247284,0.13534203171730042,0.014717145822942257,0.04470957815647125,0.4343959093093872,0.027391618117690086,0.05752314627170563,0.30627715587615967,0.021573765203356743,0.07680428773164749,0.23095065355300903,0.011138325557112694,0.09581509232521057,0.17121991515159607,0.003227560082450509,-0.008368998765945435,0.46314868330955505,0.016375204548239708,-0.006599754095077515,0.36251747608184814,0.007009439170360565,0.0008993521332740784,0.2987765967845917,0.0011578461853787303,0.014095664024353027,0.24113799631595612,-0.0024288382846862078
stop,0.033143218606710434,0.7803608179092407,6.775071597076021e-07,0.1266220510005951,0.7318567037582397,-0.039601847529411316,0.17984430491924286,0.6119149923324585,-0.04895467683672905,0.20403720438480377,0.4821968972682953,-0.05546851083636284,0.24542808532714844,0.3922103941440582,-0.05905098840594292,0.1422981321811676,0.4341317117214203,0.006360512226819992,0.16347914934158325,0.30111876130104065,-0.005651539191603661,0.1646052896976471,0.2138793170452118,-0.019212277606129646,0.16094917058944702,0.1451466679573059,-0.02946224994957447,0.08645709604024887,0.416439414024353,0.011177796870470047,0.10982536524534225,0.27190908789634705,0.00421585887670517,0.11853013932704926,0.18335530161857605,-0.006750398315489292,0.12592926621437073,0.11213693022727966,-0.014879027381539345,0.031955406069755554,0.4253900647163391,0.00750041613355279,0.04674703627824783,0.290732741355896,-0.0061948262155056,0.06283611059188843,0.20770752429962158,-0.017747554928064346,0.0787624940276146,0.14344683289527893,-0.0252849068492651,-0.02427290380001068,0.45249274373054504,-0.0011262139305472374,-0.02129567414522171,0.3435556888580322,-0.0179274994879961,-0.01580905169248581,0.27408039569854736,-0.026440411806106567,-0.006018742918968201,0.21394100785255432,-0.030773833394050598
stop,0.08433834463357925,0.7922719120979309,6.40525001927017e-07,0.1814500391483307,0.7343121767044067,-0.04475754126906395,0.23874127864837646,0.6136947274208069,-0.05995954945683479,0.2595338225364685,0.49056413769721985,-0.07200731337070465,0.2911645770072937,0.39383959770202637,-0.08298663049936295,0.1833263337612152,0.43658530712127686,-0.0229563619941473,0.1960764229297638,0.2903442978858948,-0.05069075524806976,0.1963631808757782,0.1971854567527771,-0.07369282096624374,0.1920914649963379,0.11870783567428589,-0.09004058688879013,0.1220920979976654,0.422274112701416,-0.02282555401325226,0.1334000527858734,0.2587469816207886,-0.047009214758872986,0.13934266567230225,0.15702438354492188,-0.06818152219057083,0.14347882568836212,0.07708832621574402,-0.0825156718492508,0.06325865536928177,0.44056761264801025,-0.030070040374994278,0.06590791046619415,0.28808873891830444,-0.057209815829992294,0.07724274694919586,0.19617867469787598,-0.07505609840154648,0.09032948315143585,0.12140125036239624,-0.08589082956314087,0.0019073858857154846,0.48343443870544434,-0.04205434024333954,-0.0054234787821769714,0.36275577545166016,-0.06925977021455765,-0.003392226994037628,0.2872501313686371,-0.0816066563129425,0.0036835074424743652,0.21845492720603943,-0.08785352855920792
stop,0.09161986410617828,0.7953815460205078,6.662884857178142e-07,0.19532889127731323,0.7496971487998962,-0.05796632543206215,0.26161205768585205,0.6393979787826538,-0.08148103207349777,0.2897575795650482,0.5211701393127441,-0.09975792467594147,0.3177889883518219,0.4210706353187561,-0.11677936464548111,0.207048237323761,0.4415864944458008,-0.041662491858005524,0.22082647681236267,0.2926238179206848,-0.0758797824382782,0.22124961018562317,0.19936826825141907,-0.10279231518507004,0.21825623512268066,0.11891499161720276,-0.12168335169553757,0.14616233110427856,0.42787468433380127,-0.037542518228292465,0.15909512341022491,0.2627342939376831,-0.06696785241365433,0.16478657722473145,0.16152465343475342,-0.09124176949262619,0.16858579218387604,0.08101111650466919,-0.10820654779672623,0.08653120696544647,0.4475817382335663,-0.04136383533477783,0.09234865009784698,0.2963108718395233,-0.07209795713424683,0.10675082355737686,0.20438751578330994,-0.09116218984127045,0.12216643244028091,0.12838703393936157,-0.1033492386341095,0.023070231080055237,0.4916275143623352,-0.05107812583446503,0.017507150769233704,0.3757222890853882,-0.08152097463607788,0.022768191993236542,0.2993243336677551,-0.09537559002637863,0.03271190822124481,0.22813719511032104,-0.10312680155038834
stop,0.1109200268983841,0.7960110902786255,6.838523631813587e-07,0.21519409120082855,0.7530602216720581,-0.05932920053601265,0.28677815198898315,0.6476307511329651,-0.08307348191738129,0.3151599168777466,0.5358220338821411,-0.10093222558498383,0.336468905210495,0.4421827793121338,-0.11728955805301666,0.23304376006126404,0.44515588879585266,-0.04419247806072235,0.24687418341636658,0.29570451378822327,-0.07686619460582733,0.2478850930929184,0.20546486973762512,-0.1027570515871048,0.2443442940711975,0.1338283121585846,-0.11988011747598648,0.16784518957138062,0.4339792728424072,-0.03849027678370476,0.18334737420082092,0.2637295722961426,-0.06397981941699982,0.19024935364723206,0.16211077570915222,-0.0864362120628357,0.19350872933864594,0.08383861184120178,-0.10255160182714462,0.10567915439605713,0.45456406474113464,-0.04068483039736748,0.11509451270103455,0.30008792877197266,-0.06759053468704224,0.12787866592407227,0.20694085955619812,-0.0867861807346344,0.13915899395942688,0.13246425986289978,-0.09948401153087616,0.04019186645746231,0.49764737486839294,-0.04882204905152321,0.03911130130290985,0.3767467439174652,-0.07629773020744324,0.04474448412656784,0.2986140847206116,-0.08972510695457458,0.05306575447320938,0.2262875735759735,-0.09756004810333252
stop,0.13208818435668945,0.8024723529815674,6.998716344241984e-07,0.2338581532239914,0.7603883743286133,-0.06445349007844925,0.3076629042625427,0.6590462923049927,-0.0913674384355545,0.3325169086456299,0.547203540802002,-0.11142691969871521,0.3488975167274475,0.4488884508609772,-0.12947803735733032,0.2550014853477478,0.4495294392108917,-0.05029064044356346,0.268663227558136,0.29918956756591797,-0.0869879201054573,0.2676659822463989,0.20676660537719727,-0.11595553159713745,0.26299145817756653,0.13148987293243408,-0.13475976884365082,0.18641912937164307,0.4353610575199127,-0.04236208274960518,0.2025143951177597,0.2680351138114929,-0.07107783854007721,0.20810198783874512,0.1648481786251068,-0.09517742693424225,0.21099191904067993,0.08499220013618469,-0.11193853616714478,0.12222662568092346,0.4529251754283905,-0.04261525720357895,0.1314193308353424,0.3008648455142975,-0.07029475271701813,0.14451128244400024,0.20709440112113953,-0.08923738449811935,0.15719838440418243,0.1313183605670929,-0.10171674937009811,0.056191861629486084,0.4946124851703644,-0.049385927617549896,0.056329600512981415,0.376303106546402,-0.07579715549945831,0.06255044788122177,0.2984135150909424,-0.08797025680541992,0.07222143560647964,0.22691985964775085,-0.09485398232936859
stop,0.1464448720216751,0.8092808723449707,7.44814599329402e-07,0.24897843599319458,0.761099100112915,-0.06633704155683517,0.3196145296096802,0.650513768196106,-0.09310005605220795,0.343025267124176,0.5283266305923462,-0.11263938248157501,0.36512288451194763,0.4229028820991516,-0.13003882765769958,0.2630295753479004,0.4492647349834442,-0.04864738881587982,0.27677255868911743,0.29645824432373047,-0.08555558323860168,0.27638375759124756,0.20295876264572144,-0.1146959513425827,0.27213072776794434,0.12651276588439941,-0.13349445164203644,0.19376859068870544,0.4365232586860657,-0.03952537849545479,0.2105451375246048,0.270755410194397,-0.0684230849146843,0.21653138101100922,0.16584470868110657,-0.09234420210123062,0.2206835299730301,0.0827796459197998,-0.1089334785938263,0.12868039309978485,0.4550879895687103,-0.03916224092245102,0.13921678066253662,0.3037816286087036,-0.06733646988868713,0.15331946313381195,0.2095673680305481,-0.08574183285236359,0.16851255297660828,0.13234031200408936,-0.09774041175842285,0.06178167462348938,0.4978828728199005,-0.045490775257349014,0.06315407156944275,0.37981805205345154,-0.07255461812019348,0.0694580227136612,0.30246084928512573,-0.08453763276338577,0.07940294593572617,0.23062151670455933,-0.09104502201080322
stop,0.16537755727767944,0.8230467438697815,7.550374903075863e-07,0.2622668743133545,0.7652981281280518,-0.06341478228569031,0.32391148805618286,0.6473194360733032,-0.08863663673400879,0.3465055823326111,0.525024950504303,-0.10710382461547852,0.3686223328113556,0.42125749588012695,-0.12349817156791687,0.26981624960899353,0.4490572214126587,-0.045224692672491074,0.2819593548774719,0.29617244005203247,-0.08099846541881561,0.2800615131855011,0.20201244950294495,-0.1102718785405159,0.27365678548812866,0.12290409207344055,-0.12982207536697388,0.20029135048389435,0.43754059076309204,-0.037679556757211685,0.21346892416477203,0.27078771591186523,-0.06626740843057632,0.2189704030752182,0.16514122486114502,-0.09092135727405548,0.22320431470870972,0.08111053705215454,-0.10826723277568817,0.1344815492630005,0.45884278416633606,-0.03865997493267059,0.14225900173187256,0.30568927526474,-0.06706442683935165,0.15706798434257507,0.208709716796875,-0.08651307970285416,0.17327243089675903,0.1285901665687561,-0.09920567274093628,0.06747168302536011,0.5045025944709778,-0.046044621616601944,0.06737816333770752,0.3822029232978821,-0.07388301938772202,0.07330699265003204,0.3013865351676941,-0.08667176961898804,0.08317091315984726,0.2259516417980194,-0.09372369945049286
stop,0.1709541380405426,0.8413214683532715,8.685856869306008e-07,0.2678975462913513,0.7758670449256897,-0.07024124264717102,0.327035516500473,0.6597054600715637,-0.10127046704292297,0.3501167297363281,0.5365451574325562,-0.12546241283416748,0.37119346857070923,0.4237385094165802,-0.14745648205280304,0.27257829904556274,0.4565073251724243,-0.045312464237213135,0.28439632058143616,0.30717283487319946,-0.0825001522898674,0.2832079231739044,0.21302422881126404,-0.11382322013378143,0.27937978506088257,0.1330249309539795,-0.13546426594257355,0.2022864669561386,0.44376468658447266,-0.03661520034074783,0.21609129011631012,0.2748252749443054,-0.0660298690199852,0.2214573621749878,0.1686628758907318,-0.09297319501638412,0.2277757227420807,0.08034801483154297,-0.11247850954532623,0.13556182384490967,0.46580758690834045,-0.03747401013970375,0.14464673399925232,0.3110411465167999,-0.06709688901901245,0.1583099365234375,0.21092355251312256,-0.08849051594734192,0.17496298253536224,0.12596294283866882,-0.10316597670316696,0.06711316108703613,0.5147104263305664,-0.045452721416950226,0.0662660002708435,0.39242398738861084,-0.0746861919760704,0.07242198288440704,0.3090740442276001,-0.08903343975543976,0.08338596671819687,0.23068329691886902,-0.09776239097118378
stop,0.16039130091667175,0.872012734413147,9.402881460118806e-07,0.2593943774700165,0.8071646690368652,-0.07758033275604248,0.3208582401275635,0.6843037009239197,-0.11304725706577301,0.3451700806617737,0.5547492504119873,-0.1409231275320053,0.3750990331172943,0.4376993179321289,-0.16664965450763702,0.26623663306236267,0.48237892985343933,-0.05077727884054184,0.28214558959007263,0.3254297375679016,-0.08966431021690369,0.2812764048576355,0.22728553414344788,-0.12184301018714905,0.2771565914154053,0.14611369371414185,-0.14412616193294525,0.19443175196647644,0.46851596236228943,-0.03969667851924896,0.21155047416687012,0.29229503870010376,-0.07038141787052155,0.2151915580034256,0.1820356547832489,-0.09817185997962952,0.21977180242538452,0.09120878577232361,-0.11815515905618668,0.1272342950105667,0.4905744791030884,-0.03872581571340561,0.1395570933818817,0.33030205965042114,-0.06899344176054001,0.15456707775592804,0.22849524021148682,-0.08964594453573227,0.17213334143161774,0.14221271872520447,-0.10417196899652481,0.05807310342788696,0.5413629412651062,-0.04559285566210747,0.060104236006736755,0.41709277033805847,-0.07483793795108795,0.0676153153181076,0.33301448822021484,-0.08826030045747757,0.07959869503974915,0.25413280725479126,-0.09669869393110275
stop,0.1556202471256256,0.8781270384788513,1.0381746733401087e-06,0.25878262519836426,0.8064457178115845,-0.07944802939891815,0.3244015574455261,0.6909561157226562,-0.11581545323133469,0.35126036405563354,0.5650748610496521,-0.1450366973876953,0.37544047832489014,0.4415935277938843,-0.17227768898010254,0.2657802700996399,0.4813839793205261,-0.04165378212928772,0.2816137671470642,0.3269186019897461,-0.07516812533140182,0.2810748517513275,0.23059523105621338,-0.10688004642724991,0.2772781252861023,0.1481086015701294,-0.13029053807258606,0.19457532465457916,0.4709135890007019,-0.029872596263885498,0.21151022613048553,0.29837024211883545,-0.05501049757003784,0.21608230471611023,0.18796050548553467,-0.08456752449274063,0.222154900431633,0.09713101387023926,-0.10792139917612076,0.1266964077949524,0.49294599890708923,-0.028947798535227776,0.13786642253398895,0.3371201753616333,-0.054032955318689346,0.15129268169403076,0.23486125469207764,-0.07682587206363678,0.1676573008298874,0.14781808853149414,-0.0948072224855423,0.057092174887657166,0.5422118902206421,-0.03650052845478058,0.05751185119152069,0.4191468358039856,-0.062379587441682816,0.06456920504570007,0.3339965045452118,-0.07680078595876694,0.07635316997766495,0.254061222076416,-0.08749980479478836
stop,0.15186743438243866,0.8835082054138184,1.020953504848876e-06,0.25586366653442383,0.8128955960273743,-0.07796583324670792,0.3218860626220703,0.6975510716438293,-0.11382608860731125,0.34932219982147217,0.570408284664154,-0.14277635514736176,0.37460702657699585,0.44782570004463196,-0.1697583943605423,0.2663412392139435,0.487375944852829,-0.041555069386959076,0.2822861969470978,0.3322494626045227,-0.07630080729722977,0.2816452383995056,0.23475894331932068,-0.1085902750492096,0.2777678966522217,0.1514541208744049,-0.1321154534816742,0.194823756814003,0.474731981754303,-0.030177151784300804,0.21219849586486816,0.303308367729187,-0.056725043803453445,0.21807090938091278,0.1920340359210968,-0.08668006956577301,0.2257087230682373,0.10028433799743652,-0.1100081354379654,0.12646222114562988,0.4952264130115509,-0.029494890943169594,0.13727250695228577,0.33876585960388184,-0.05550722777843475,0.15282204747200012,0.23594704270362854,-0.0782494768500328,0.1718580722808838,0.1491914987564087,-0.09586671739816666,0.05625957250595093,0.5432031154632568,-0.03715011477470398,0.056726425886154175,0.41900181770324707,-0.06386636197566986,0.06368781626224518,0.332683265209198,-0.07858634740114212,0.07606852054595947,0.2520166337490082,-0.08909337967634201
stop,0.153267040848732,0.890216588973999,1.0170288078370504e-06,0.25804412364959717,0.8175568580627441,-0.07531043142080307,0.3238973915576935,0.7012733221054077,-0.1101008877158165,0.3517844080924988,0.5737194418907166,-0.13860024511814117,0.37723419070243835,0.4520745873451233,-0.16522371768951416,0.2648982107639313,0.49309220910072327,-0.03920877352356911,0.2822710871696472,0.3392142057418823,-0.07408604770898819,0.28424835205078125,0.24196970462799072,-0.10625465959310532,0.28299063444137573,0.15832266211509705,-0.12956716120243073,0.19406728446483612,0.47981101274490356,-0.029436416923999786,0.21253344416618347,0.30814725160598755,-0.05607524514198303,0.22030851244926453,0.19730287790298462,-0.0854106917977333,0.22948047518730164,0.10472321510314941,-0.10806088149547577,0.12611627578735352,0.4998004138469696,-0.030238889157772064,0.13761761784553528,0.34263908863067627,-0.056733690202236176,0.1538056582212448,0.23964914679527283,-0.07858964055776596,0.17355990409851074,0.15260890126228333,-0.09522536396980286,0.05574633181095123,0.5476547479629517,-0.03916334733366966,0.05511823296546936,0.4227466583251953,-0.06617859750986099,0.0629260241985321,0.33627012372016907,-0.08010955899953842,0.0763682872056961,0.25584593415260315,-0.0897308960556984
stop,0.15222448110580444,0.8950231075286865,1.0510310630706954e-06,0.25675317645072937,0.8224738836288452,-0.07564476877450943,0.3238375186920166,0.7067426443099976,-0.11002909392118454,0.3554653227329254,0.5806761980056763,-0.13803525269031525,0.38076093792915344,0.4593944251537323,-0.16393516957759857,0.2670792043209076,0.4954782724380493,-0.03566690906882286,0.28482985496520996,0.3413738012313843,-0.06816286593675613,0.2868089973926544,0.2437656819820404,-0.09965379536151886,0.28482764959335327,0.15919733047485352,-0.12263929098844528,0.19672049582004547,0.48161599040031433,-0.025053128600120544,0.21662195026874542,0.3097635507583618,-0.04839170351624489,0.22431884706020355,0.1985977590084076,-0.07672537863254547,0.23258289694786072,0.1061658263206482,-0.09897136688232422,0.12841647863388062,0.5006535053253174,-0.02519018016755581,0.1412610113620758,0.34550637006759644,-0.04810445383191109,0.15722714364528656,0.24283862113952637,-0.06906673312187195,0.1761062741279602,0.15627142786979675,-0.08562437444925308,0.05746033787727356,0.5474884510040283,-0.03371522203087807,0.05799175798892975,0.4241492748260498,-0.05733993276953697,0.06599551439285278,0.3391425609588623,-0.06960923224687576,0.07939723134040833,0.2601514160633087,-0.07847294956445694
stop,0.1521073877811432,0.8965004086494446,1.0514854693610687e-06,0.25653505325317383,0.8240853548049927,-0.07605506479740143,0.3251427412033081,0.708548367023468,-0.11056606471538544,0.3593711256980896,0.5831983685493469,-0.13878048956394196,0.38620829582214355,0.4616803526878357,-0.16492493450641632,0.26966413855552673,0.4979877769947052,-0.03511158004403114,0.2886001169681549,0.34317663311958313,-0.0677090585231781,0.2915169596672058,0.24624839425086975,-0.0994134396314621,0.2908644378185272,0.16248208284378052,-0.12265714257955551,0.1998051553964615,0.48381322622299194,-0.024543099105358124,0.22071106731891632,0.31193873286247253,-0.04826052859425545,0.22924894094467163,0.20142176747322083,-0.07736694812774658,0.23883354663848877,0.10998576879501343,-0.10030849277973175,0.1314520686864853,0.5021418333053589,-0.02484757825732231,0.14545392990112305,0.34672585129737854,-0.04802281782031059,0.16208510100841522,0.2433403730392456,-0.06958919763565063,0.18194596469402313,0.15640884637832642,-0.08675742149353027,0.060015663504600525,0.5477950572967529,-0.033589575439691544,0.06169721484184265,0.4244084656238556,-0.057356514036655426,0.07027092576026917,0.3390663266181946,-0.06994199007749557,0.08401982486248016,0.2597724199295044,-0.07923682779073715
stop,0.1526746302843094,0.8953344821929932,1.0389812814537436e-06,0.2575032114982605,0.822462797164917,-0.07597091048955917,0.32560235261917114,0.707821786403656,-0.11118976026773453,0.35989290475845337,0.583831250667572,-0.14003710448741913,0.3866294026374817,0.4628150165081024,-0.16696250438690186,0.272320032119751,0.4984837770462036,-0.03866486996412277,0.2910543382167816,0.34380072355270386,-0.07309910655021667,0.2935068607330322,0.24542918801307678,-0.10595683753490448,0.2921598553657532,0.15980839729309082,-0.12993131577968597,0.20229223370552063,0.482960045337677,-0.028450898826122284,0.22303181886672974,0.311811238527298,-0.053849171847105026,0.23204752802848816,0.2007673680782318,-0.08346343785524368,0.24189092218875885,0.10817858576774597,-0.1067674309015274,0.13375015556812286,0.5003281235694885,-0.028921831399202347,0.14804914593696594,0.3442297577857971,-0.05331963300704956,0.16503867506980896,0.24077066779136658,-0.07499239593744278,0.18508486449718475,0.15313434600830078,-0.09222760796546936,0.06267830729484558,0.5452914834022522,-0.03779080882668495,0.06522704660892487,0.4218946695327759,-0.062493521720170975,0.07457625865936279,0.3358713686466217,-0.07549221813678741,0.08896156400442123,0.2557430863380432,-0.08503728359937668
stop,0.15356460213661194,0.8929896354675293,1.0258819429509458e-06,0.2579193711280823,0.8215718269348145,-0.07552455365657806,0.3253035545349121,0.7083746194839478,-0.11172071099281311,0.36019858717918396,0.5861061811447144,-0.1416238397359848,0.387593150138855,0.4655795991420746,-0.16972190141677856,0.2726927697658539,0.4962441325187683,-0.04227183759212494,0.2917374074459076,0.34143298864364624,-0.07881342619657516,0.29402634501457214,0.24291694164276123,-0.11263374239206314,0.29267293214797974,0.15663671493530273,-0.13726910948753357,0.20227880775928497,0.48031026124954224,-0.03283333033323288,0.22302685678005219,0.3097061812877655,-0.06088392809033394,0.2328055202960968,0.19932442903518677,-0.09143336862325668,0.24369052052497864,0.10660800337791443,-0.1152128204703331,0.13370493054389954,0.49814268946647644,-0.033830296248197556,0.1478576809167862,0.34152889251708984,-0.06060450151562691,0.16614815592765808,0.239121675491333,-0.08302126824855804,0.18752260506153107,0.15196001529693604,-0.10050434619188309,0.06347554922103882,0.5438765287399292,-0.043027836829423904,0.06652702391147614,0.420383483171463,-0.07019011676311493,0.07651026546955109,0.33367007970809937,-0.08465266227722168,0.09148826450109482,0.25256893038749695,-0.09495076537132263
stop,0.15441420674324036,0.887664794921875,9.899852102535078e-07,0.25845855474472046,0.8163830041885376,-0.07326757907867432,0.3267335891723633,0.7000513076782227,-0.10727449506521225,0.3580608367919922,0.5750199556350708,-0.13520286977291107,0.3837129473686218,0.4553455710411072,-0.16094636917114258,0.27277910709381104,0.48904281854629517,-0.03854348510503769,0.28981319069862366,0.3346300423145294,-0.07369061559438705,0.29089444875717163,0.23651275038719177,-0.10666973888874054,0.2882227599620819,0.1507444977760315,-0.13083131611347198,0.20212455093860626,0.47310301661491394,-0.029617076739668846,0.21935239434242249,0.30390506982803345,-0.056515082716941833,0.22770236432552338,0.1942845582962036,-0.08603037893772125,0.2373494952917099,0.10257795453071594,-0.10903864353895187,0.13377854228019714,0.4911918640136719,-0.031045323237776756,0.1452246904373169,0.33388668298721313,-0.057353582233190536,0.1631692796945572,0.23469874262809753,-0.07852941751480103,0.18391835689544678,0.15040013194084167,-0.09487011283636093,0.06404313445091248,0.5373354554176331,-0.04054941609501839,0.06525883078575134,0.41481590270996094,-0.06754633784294128,0.07352840900421143,0.3301307260990143,-0.08131249248981476,0.0863851010799408,0.2507101893424988,-0.09079286456108093
stop,0.1537359356880188,0.8805245161056519,9.928894542099442e-07,0.25884705781936646,0.8085381388664246,-0.07514932751655579,0.3273480236530304,0.6927758455276489,-0.1102932021021843,0.3580252230167389,0.569765567779541,-0.13921023905277252,0.3826204240322113,0.44935134053230286,-0.16606780886650085,0.2724241018295288,0.4800134003162384,-0.04051510617136955,0.2871827483177185,0.3253054618835449,-0.07680611312389374,0.2859423756599426,0.22632887959480286,-0.1111590564250946,0.2812238931655884,0.1403805911540985,-0.13639354705810547,0.2007054090499878,0.4653787910938263,-0.031214162707328796,0.21571390330791473,0.29727208614349365,-0.059497661888599396,0.22252671420574188,0.18709051609039307,-0.09095928817987442,0.23139631748199463,0.09511628746986389,-0.11553966999053955,0.1317286193370819,0.4844035804271698,-0.032443467527627945,0.14171811938285828,0.3281159996986389,-0.05999680981040001,0.15839767456054688,0.22895547747612,-0.08309777081012726,0.1784697324037552,0.14499279856681824,-0.10083527117967606,0.06183595955371857,0.5313426852226257,-0.04189084842801094,0.06268724799156189,0.40904608368873596,-0.06999379396438599,0.06977294385433197,0.32509833574295044,-0.08518063277006149,0.08136468380689621,0.2466714084148407,-0.09580882638692856
stop,0.15720465779304504,0.8803130388259888,1.033920057125215e-06,0.26004645228385925,0.8088675737380981,-0.07718383520841599,0.32689720392227173,0.6945813894271851,-0.11312948167324066,0.35843634605407715,0.5708169341087341,-0.14241831004619598,0.38290512561798096,0.449987530708313,-0.16949045658111572,0.27151399850845337,0.47918522357940674,-0.04085840284824371,0.2880214750766754,0.32475030422210693,-0.07617466151714325,0.2883699834346771,0.2254619300365448,-0.10936202108860016,0.28471052646636963,0.13989821076393127,-0.13355155289173126,0.20016810297966003,0.4644547700881958,-0.03020784631371498,0.21709057688713074,0.29402077198028564,-0.05688246712088585,0.22443997859954834,0.1832786500453949,-0.08634920418262482,0.23307156562805176,0.09137481451034546,-0.10922089219093323,0.13169220089912415,0.4830799698829651,-0.03026340715587139,0.14328226447105408,0.32522863149642944,-0.0558028481900692,0.16018736362457275,0.22479858994483948,-0.0766231045126915,0.1800065040588379,0.14041125774383545,-0.09282735735177994,0.061588630080223083,0.530171811580658,-0.038832783699035645,0.06330829858779907,0.40780413150787354,-0.06469574570655823,0.07225792109966278,0.3227286636829376,-0.07779762148857117,0.0858701542019844,0.24361035227775574,-0.08694660663604736
stop,0.15804114937782288,0.8808421492576599,1.0093765467900084e-06,0.2621019780635834,0.8065534830093384,-0.07435081154108047,0.3289880156517029,0.6931440234184265,-0.10894282907247543,0.3599848747253418,0.5677658319473267,-0.13731256127357483,0.3851604461669922,0.4465501010417938,-0.16346140205860138,0.2716004252433777,0.48062852025032043,-0.036556947976350784,0.28861939907073975,0.32783347368240356,-0.07178059965372086,0.2896862030029297,0.23211324214935303,-0.1050110012292862,0.28783828020095825,0.1480666995048523,-0.12908683717250824,0.20124179124832153,0.46576112508773804,-0.02698560431599617,0.21998940408229828,0.2951975464820862,-0.05366428196430206,0.228249192237854,0.18571117520332336,-0.08319494873285294,0.23791371285915375,0.09401911497116089,-0.10606908798217773,0.13300848007202148,0.4847199320793152,-0.028137821704149246,0.1457316279411316,0.3274574279785156,-0.054267872124910355,0.16178394854068756,0.22530877590179443,-0.07543125748634338,0.181264728307724,0.13899683952331543,-0.09160371869802475,0.06263251602649689,0.5317825078964233,-0.037443339824676514,0.06378161907196045,0.4078822731971741,-0.06351661682128906,0.0723457783460617,0.32163432240486145,-0.07655420154333115,0.08588291704654694,0.2408294975757599,-0.08555290102958679
stop,0.15895800292491913,0.8795291185379028,1.0093201581184985e-06,0.26306092739105225,0.8043419718742371,-0.07432670891284943,0.32978740334510803,0.6917341947555542,-0.10904710739850998,0.36083564162254333,0.5678162574768066,-0.13765975832939148,0.3845188021659851,0.4469776153564453,-0.16424687206745148,0.2727469205856323,0.48007529973983765,-0.03782801702618599,0.2895119786262512,0.3272905945777893,-0.07388120889663696,0.29075437784194946,0.23092719912528992,-0.10766131430864334,0.28914469480514526,0.1458544135093689,-0.13210615515708923,0.20247462391853333,0.46563035249710083,-0.02857416495680809,0.22036661207675934,0.2950661778450012,-0.056275710463523865,0.2283862680196762,0.184790700674057,-0.08656267821788788,0.23803168535232544,0.09191176295280457,-0.10995257645845413,0.1342722773551941,0.4848730266094208,-0.029964730143547058,0.14599913358688354,0.3279570937156677,-0.05690888687968254,0.1617916077375412,0.22544994950294495,-0.0786912590265274,0.1813536286354065,0.13865971565246582,-0.09521737694740295,0.06391896307468414,0.5321838855743408,-0.03949132561683655,0.06441207230091095,0.4085952639579773,-0.06628849357366562,0.07299686968326569,0.32183343172073364,-0.07988407462835312,0.0868455246090889,0.2403947412967682,-0.08923815190792084
stop,0.15933582186698914,0.8800401091575623,9.779931815501186e-07,0.2644483745098114,0.8051915168762207,-0.07184220850467682,0.3327105939388275,0.6918193697929382,-0.10457839071750641,0.3628891408443451,0.5676159262657166,-0.1313575953245163,0.38525745272636414,0.4484454393386841,-0.15594032406806946,0.2750418782234192,0.4806395471096039,-0.03575652092695236,0.2912113666534424,0.3267930746078491,-0.07104284316301346,0.292272686958313,0.22978711128234863,-0.1039063110947609,0.2905063033103943,0.14469826221466064,-0.1274591088294983,0.20464840531349182,0.46545642614364624,-0.02696317434310913,0.22223949432373047,0.2940441071987152,-0.054000161588191986,0.23020733892917633,0.18389585614204407,-0.08333474397659302,0.23934027552604675,0.09173351526260376,-0.1056961789727211,0.13648366928100586,0.4839322566986084,-0.02856677584350109,0.1478509157896042,0.3264429569244385,-0.05505284294486046,0.16345196962356567,0.22400671243667603,-0.07636266946792603,0.18251027166843414,0.13782724738121033,-0.09224435687065125,0.06618887186050415,0.5302190184593201,-0.038028065115213394,0.0668029636144638,0.4063269793987274,-0.06435456871986389,0.07533563673496246,0.32021522521972656,-0.07745543867349625,0.08910687267780304,0.23956498503684998,-0.08614608645439148
stop,0.16137748956680298,0.8795541524887085,9.533148954687931e-07,0.26754868030548096,0.8057599663734436,-0.07205864787101746,0.33589619398117065,0.6922645568847656,-0.10503526777029037,0.3651508092880249,0.5676260590553284,-0.1319444477558136,0.38817107677459717,0.4488377869129181,-0.15677708387374878,0.2778776288032532,0.48165902495384216,-0.03863571211695671,0.29452645778656006,0.3264707922935486,-0.07477887719869614,0.2952817678451538,0.22833698987960815,-0.10758309066295624,0.2930489778518677,0.14255300164222717,-0.13099482655525208,0.20751839876174927,0.46703439950942993,-0.030050553381443024,0.22592119872570038,0.2943912446498871,-0.05802150070667267,0.2334924042224884,0.18373462557792664,-0.087250255048275,0.24183784425258636,0.09115800261497498,-0.10942493379116058,0.13968193531036377,0.48587659001350403,-0.0317348912358284,0.15191954374313354,0.3278643488883972,-0.059143271297216415,0.1673121601343155,0.22402778267860413,-0.08070768415927887,0.18577714264392853,0.1364246904850006,-0.09666232764720917,0.06956228613853455,0.5323684811592102,-0.041193731129169464,0.06983758509159088,0.4077610969543457,-0.06853250414133072,0.07800592482089996,0.32091057300567627,-0.08215465396642685,0.09090931713581085,0.23965397477149963,-0.09111194312572479
stop,0.16667819023132324,0.8783810138702393,9.432861816094373e-07,0.27195295691490173,0.802945613861084,-0.06994374096393585,0.3380594253540039,0.6891803741455078,-0.10178624838590622,0.367062509059906,0.5648174285888672,-0.1279182732105255,0.39172470569610596,0.4475312829017639,-0.1518578678369522,0.280606746673584,0.4797877371311188,-0.03642614930868149,0.29667341709136963,0.3245612382888794,-0.07255453616380692,0.2973026633262634,0.22643247246742249,-0.10536041110754013,0.29462748765945435,0.1406192183494568,-0.12864288687705994,0.20999948680400848,0.4656330645084381,-0.02861577831208706,0.2281091809272766,0.29299092292785645,-0.056820955127477646,0.235820934176445,0.18247511982917786,-0.08571261167526245,0.2440110146999359,0.09063476324081421,-0.10739553719758987,0.1418345719575882,0.48475217819213867,-0.031005091965198517,0.15414303541183472,0.32619017362594604,-0.05862104520201683,0.1696823239326477,0.22296038269996643,-0.07961763441562653,0.1883821338415146,0.1366916000843048,-0.09483195841312408,0.07130613923072815,0.5311179757118225,-0.041005365550518036,0.0723152607679367,0.40604642033576965,-0.06819994002580643,0.08040155470371246,0.3193214237689972,-0.081228107213974,0.09316464513540268,0.23837223649024963,-0.08949786424636841
stop,0.16918736696243286,0.8764616250991821,9.54465349423117e-07,0.27407708764076233,0.8008408546447754,-0.0706712007522583,0.3407084345817566,0.6879718899726868,-0.10290262848138809,0.3710336685180664,0.5657142996788025,-0.12938350439071655,0.392378568649292,0.447042852640152,-0.15381677448749542,0.2821767032146454,0.47859519720077515,-0.03648468479514122,0.2977577745914459,0.32452288269996643,-0.07227443158626556,0.2994881272315979,0.22920933365821838,-0.10527113080024719,0.2984122633934021,0.14561998844146729,-0.12871399521827698,0.2118641436100006,0.46523866057395935,-0.028405705466866493,0.22938184440135956,0.29318416118621826,-0.056088369339704514,0.23740223050117493,0.1840454638004303,-0.08547714352607727,0.24639853835105896,0.09306925535202026,-0.10777479410171509,0.1438024938106537,0.48506301641464233,-0.030603764578700066,0.15588736534118652,0.3274722397327423,-0.05773868039250374,0.1714600920677185,0.22454500198364258,-0.07927881926298141,0.1904049515724182,0.13819041848182678,-0.0951247438788414,0.07348722219467163,0.5319739580154419,-0.04047820344567299,0.0742860734462738,0.40710318088531494,-0.06729041039943695,0.08248461782932281,0.3201673924922943,-0.08055290579795837,0.09564033895730972,0.23876440525054932,-0.08928534388542175
stop,0.17192615568637848,0.8745747208595276,9.548925845592748e-07,0.27657508850097656,0.7995405793190002,-0.07039447128772736,0.3431902527809143,0.6869603395462036,-0.10291465371847153,0.37326523661613464,0.565492570400238,-0.12984004616737366,0.39326614141464233,0.4472165107727051,-0.1549871861934662,0.28474903106689453,0.47782662510871887,-0.038232941180467606,0.30007225275039673,0.32366442680358887,-0.07534254342317581,0.30195724964141846,0.22781962156295776,-0.10892751067876816,0.3012518882751465,0.14400896430015564,-0.13275355100631714,0.21421733498573303,0.4647561013698578,-0.03096679039299488,0.23123712837696075,0.2927495241165161,-0.0603952631354332,0.23954668641090393,0.18335643410682678,-0.0906078964471817,0.24929915368556976,0.09190776944160461,-0.11338824033737183,0.14600709080696106,0.48526686429977417,-0.03390670195221901,0.15774863958358765,0.3265725374221802,-0.06281939148902893,0.17384186387062073,0.2233445644378662,-0.08510535210371017,0.19365906715393066,0.13683032989501953,-0.10125796496868134,0.07536633312702179,0.5335840582847595,-0.04442540183663368,0.07562747597694397,0.4076538383960724,-0.07299572974443436,0.08411389589309692,0.31988757848739624,-0.08728417754173279,0.09787817299365997,0.23759150505065918,-0.09660790115594864
stop,0.17692460119724274,0.8792054653167725,9.726032885737368e-07,0.27740371227264404,0.8069441318511963,-0.0722472295165062,0.3424092233181,0.6940169930458069,-0.1055438295006752,0.3722136616706848,0.572268545627594,-0.13285772502422333,0.3935610055923462,0.4541206955909729,-0.15805205702781677,0.2854316830635071,0.48066842555999756,-0.03904281556606293,0.30162352323532104,0.32705822587013245,-0.07587220519781113,0.30447912216186523,0.23206883668899536,-0.10947989672422409,0.30465638637542725,0.14929404854774475,-0.1332491636276245,0.21483203768730164,0.4670901894569397,-0.0308667179197073,0.23150044679641724,0.29446935653686523,-0.05957473814487457,0.2399347871541977,0.18471595644950867,-0.08970410376787186,0.2499435842037201,0.09245216846466064,-0.11250222474336624,0.146778404712677,0.4877081513404846,-0.03301292285323143,0.15734976530075073,0.3287830352783203,-0.06108536198735237,0.1740483045578003,0.22603732347488403,-0.08334740996360779,0.19417476654052734,0.1395263373851776,-0.09962816536426544,0.0761997252702713,0.536411702632904,-0.04292589798569679,0.07576818764209747,0.4098294675350189,-0.07071428000926971,0.08388860523700714,0.3221348524093628,-0.08465143293142319,0.09748198837041855,0.2400090992450714,-0.09383304417133331
stop,0.1743948608636856,0.8788319826126099,9.764618198460084e-07,0.2748205065727234,0.8074376583099365,-0.07258148491382599,0.3419213891029358,0.6969912648200989,-0.10580143332481384,0.3740927577018738,0.5761261582374573,-0.13295911252498627,0.3945867419242859,0.4580109417438507,-0.15804992616176605,0.2868388891220093,0.4818973243236542,-0.03860311955213547,0.3028419613838196,0.32805335521698,-0.07438691705465317,0.30436939001083374,0.2336445152759552,-0.10754622519016266,0.30383262038230896,0.15007823705673218,-0.13137929141521454,0.21611206233501434,0.4679008424282074,-0.030098069459199905,0.23327797651290894,0.29516950249671936,-0.0581040158867836,0.24125175178050995,0.1858249008655548,-0.08854611217975616,0.25119394063949585,0.09331774711608887,-0.11189595609903336,0.14760079979896545,0.488354355096817,-0.03188487887382507,0.1582147628068924,0.33043116331100464,-0.05929866060614586,0.17385649681091309,0.22728395462036133,-0.08230365067720413,0.19345097243785858,0.13966012001037598,-0.09948787093162537,0.07647339999675751,0.5370120406150818,-0.04147554188966751,0.07603631913661957,0.41120660305023193,-0.06864171475172043,0.08383852243423462,0.3243367671966553,-0.08284999430179596,0.09767717123031616,0.24190697073936462,-0.09262552857398987
